"id","fastqFile","ForwardPrimer","ReversePrimer","Site_name","Country","Vegetation","Land_use","Ecosystem","Sample_or_Control","SequencingRun","Read_depth.x","Project_Specific_Sample_ID","Project_ID","Grid_Size","Elevation","Date_collected","Transport_refrigeration","Drying","Time_drying","DNA_concentration_ng_ul","DNA_conc_instrument","Soil_Depth","Extraction_method","Primers","Expedition.leader","Collaborators","richness_detected","Read_depth.y","richness_adj"
"akh_10","akh_10_ITS2_S47_R1_001.fastq.gz,akh_10_ITS2_S47_R2_001.fastq.gz","GCATCGATGAAGAACGCAGC","TCCTCCGCTTATTGATATGC","akh_10","Ukraine","deciduous_forest","Non-Agricultural","Carpathian montane forests","True sample","Scripps_run_7",645,"akh_10","tp-prylutskyi23","30m",1001,"11/08/2023","No","silica gel",NA,NA,NA,"5-10cm","Qiagen Powersoil Pro","ITS3-ITS4_AND_WANDA-AML2","Olexandr Khodosovtsev","Anna Kuzemko",14,643,-8.25569351152888
"akh_11","akh_11_ITS2_S48_R1_001.fastq.gz,akh_11_ITS2_S48_R2_001.fastq.gz","GCATCGATGAAGAACGCAGC","TCCTCCGCTTATTGATATGC","akh_11","Ukraine","deciduous_forest","Non-Agricultural","Pannonian mixed forests","True sample","Scripps_run_7",1186,"akh_11","tp-prylutskyi23","30m",801,"15/08/2023","No","silica gel",NA,NA,NA,"5-10cm","Qiagen Powersoil Pro","ITS3-ITS4_AND_WANDA-AML2","Olexandr Khodosovtsev","Anna Kuzemko",19,1099,-3.48545376034168
"akh_1","akh_1_ITS2_S29_R1_001.fastq.gz,akh_1_ITS2_S29_R2_001.fastq.gz","GCATCGATGAAGAACGCAGC","TCCTCCGCTTATTGATATGC","akh_1","Ukraine","mesic_grassland","Non-Agricultural","Carpathian montane forests","True sample","Scripps_run_7",228,"akh_1","tp-prylutskyi23","30m",416,"04/07/2023","No","silica gel",NA,NA,NA,"5-10cm","Qiagen Powersoil Pro","ITS3-ITS4_AND_WANDA-AML2","Olexandr Khodosovtsev",NA,5,228,-17.0465915307012
"akh_2","akh_2_ITS2_S30_R1_001.fastq.gz,akh_2_ITS2_S30_R2_001.fastq.gz","GCATCGATGAAGAACGCAGC","TCCTCCGCTTATTGATATGC","akh_2","Ukraine","mixed_forest","Non-Agricultural","Carpathian montane forests","True sample","Scripps_run_7",4226,"akh_2","tp-prylutskyi23","30m",349,"19/07/2023","No","silica gel",NA,NA,NA,"5-10cm","Qiagen Powersoil Pro","ITS3-ITS4_AND_WANDA-AML2","Olexandr Khodosovtsev","Illya Chorney",27,4172,2.96618386114565
"akh_3","akh_3_ITS2_S33_R1_001.fastq.gz,akh_3_ITS2_S33_R2_001.fastq.gz","GCATCGATGAAGAACGCAGC","TCCTCCGCTTATTGATATGC","akh_3","Ukraine","savannah","Non-Agricultural","Carpathian montane forests","True sample","Scripps_run_7",5018,"akh_3","tp-prylutskyi23","30m",549,"19/07/2023","No","silica gel",NA,NA,NA,"5-10cm","Qiagen Powersoil Pro","ITS3-ITS4_AND_WANDA-AML2","Olexandr Khodosovtsev","Illya Chorney",45,4974,20.5620879849442
"akh_4","akh_4_ITS2_S45_R1_001.fastq.gz,akh_4_ITS2_S45_R2_001.fastq.gz","GCATCGATGAAGAACGCAGC","TCCTCCGCTTATTGATATGC","akh_4","Ukraine","deciduous_forest","Non-Agricultural","East European forest steppe","True sample","Scripps_run_7",35317,"akh_4","tp-prylutskyi23","30m",338,"22/07/2023","No","silica gel",NA,NA,NA,"5-10cm","Qiagen Powersoil Pro","ITS3-ITS4_AND_WANDA-AML2","Olexandr Khodosovtsev","Anna Kuzemko",64,32143,25.8727103533754
"akh_5","akh_5_ITS2_S46_R1_001.fastq.gz,akh_5_ITS2_S46_R2_001.fastq.gz","GCATCGATGAAGAACGCAGC","TCCTCCGCTTATTGATATGC","akh_5","Ukraine","deciduous_forest","Non-Agricultural","Central European mixed forests","True sample","Scripps_run_7",14447,"akh_5","tp-prylutskyi23","30m",387,"08/08/2023","No","silica gel",NA,15.399,"denovix","5-10cm","Qiagen Powersoil Pro","ITS3-ITS4_AND_WANDA-AML2","Olexandr Khodosovtsev","Anna Kuzemko",63,13658,34.1865660536054
"aku_dc1","aku_dc1_ITS2_S53_R1_001.fastq.gz,aku_dc1_ITS2_S53_R2_001.fastq.gz","GCATCGATGAAGAACGCAGC","TCCTCCGCTTATTGATATGC","aku_dc1","Ukraine","limestone_grassland","Non-Agricultural","Central European mixed forests","True sample","Scripps_run_7",18,"aku_dc1","tp-prylutskyi23","30m",267,"02/08/2023","No","silica gel",NA,NA,NA,"5-10cm","Qiagen Powersoil Pro","ITS3-ITS4_AND_WANDA-AML2","Alex Akulov",NA,3,18,-18.9407808898008
"aku_dc2","aku_dc2_ITS2_S54_R1_001.fastq.gz,aku_dc2_ITS2_S54_R2_001.fastq.gz","GCATCGATGAAGAACGCAGC","TCCTCCGCTTATTGATATGC","aku_dc2","Ukraine","dry_grassland","Non-Agricultural","Central European mixed forests","True sample","Scripps_run_7",0,"aku_dc2","tp-prylutskyi23","30m",199,"02/08/2023","No","silica gel",NA,NA,NA,"5-10cm","Qiagen Powersoil Pro","ITS3-ITS4_AND_WANDA-AML2","Alex Akulov",NA,0,0,-21.931711406295
"aku_dc3","aku_dc3_ITS2_S55_R1_001.fastq.gz,aku_dc3_ITS2_S55_R2_001.fastq.gz","GCATCGATGAAGAACGCAGC","TCCTCCGCTTATTGATATGC","aku_dc3","Ukraine","deciduous_forest","Non-Agricultural","Central European mixed forests","True sample","Scripps_run_7",1400,"aku_dc3","tp-prylutskyi23","30m",296,"02/08/2023","No","silica gel",NA,NA,NA,"5-10cm","Qiagen Powersoil Pro","ITS3-ITS4_AND_WANDA-AML2","Alex Akulov",NA,71,1079,48.5246234435536
"aku_dc4","aku_dc4_ITS2_S56_R1_001.fastq.gz,aku_dc4_ITS2_S56_R2_001.fastq.gz","GCATCGATGAAGAACGCAGC","TCCTCCGCTTATTGATATGC","aku_dc4","Ukraine","deciduous_forest","Non-Agricultural","Central European mixed forests","True sample","Scripps_run_7",1210,"aku_dc4","tp-prylutskyi23","30m",274,"03/08/2023","No","silica gel",NA,NA,NA,"5-10cm","Qiagen Powersoil Pro","ITS3-ITS4_AND_WANDA-AML2","Alex Akulov",NA,32,1093,9.51756940082691
"aku_dc5","aku_dc5_ITS2_S57_R1_001.fastq.gz,aku_dc5_ITS2_S57_R2_001.fastq.gz","GCATCGATGAAGAACGCAGC","TCCTCCGCTTATTGATATGC","aku_dc5","Ukraine","deciduous_forest","Non-Agricultural","Central European mixed forests","True sample","Scripps_run_7",1387,"aku_dc5","tp-prylutskyi23","30m",274,"03/08/2023","No","silica gel",NA,NA,NA,"5-10cm","Qiagen Powersoil Pro","ITS3-ITS4_AND_WANDA-AML2","Alex Akulov",NA,49,1275,26.4258668453797
"aku_dc6","aku_dc6_ITS2_S58_R1_001.fastq.gz,aku_dc6_ITS2_S58_R2_001.fastq.gz","GCATCGATGAAGAACGCAGC","TCCTCCGCTTATTGATATGC","aku_dc6","Ukraine","deciduous_forest","Non-Agricultural","Central European mixed forests","True sample","Scripps_run_7",2246,"aku_dc6","tp-prylutskyi23","30m",293,"03/08/2023","No","silica gel",NA,NA,NA,"5-10cm","Qiagen Powersoil Pro","ITS3-ITS4_AND_WANDA-AML2","Alex Akulov",NA,72,2223,48.9482073807425
"aku_dc7","aku_dc7_ITS2_S59_R1_001.fastq.gz,aku_dc7_ITS2_S59_R2_001.fastq.gz","GCATCGATGAAGAACGCAGC","TCCTCCGCTTATTGATATGC","aku_dc7","Ukraine","deciduous_forest","Non-Agricultural","Central European mixed forests","True sample","Scripps_run_7",13671,"aku_dc7","tp-prylutskyi23","30m",322,"03/08/2023","No","silica gel",NA,NA,NA,"5-10cm","Qiagen Powersoil Pro","ITS3-ITS4_AND_WANDA-AML2","Alex Akulov",NA,56,13576,27.2278825895761
"aku_l1","aku_l1_ITS2_S60_R1_001.fastq.gz,aku_l1_ITS2_S60_R2_001.fastq.gz","GCATCGATGAAGAACGCAGC","TCCTCCGCTTATTGATATGC","aku_l1","Ukraine","deciduous_forest","Non-Agricultural","Central European mixed forests","True sample","Scripps_run_7",1264,"aku_l1","tp-prylutskyi23","30m",383,"08/08/2023","No","silica gel",NA,NA,NA,"5-10cm","Qiagen Powersoil Pro","ITS3-ITS4_AND_WANDA-AML2","Alex Akulov",NA,51,954,28.5876059678992
"aku_l2","aku_l2_ITS2_S61_R1_001.fastq.gz,aku_l2_ITS2_S61_R2_001.fastq.gz","GCATCGATGAAGAACGCAGC","TCCTCCGCTTATTGATATGC","aku_l2","Ukraine","deciduous_forest","Non-Agricultural","Central European mixed forests","True sample","Scripps_run_7",7918,"aku_l2","tp-prylutskyi23","30m",391,"08/08/2023","No","silica gel",NA,NA,NA,"5-10cm","Qiagen Powersoil Pro","ITS3-ITS4_AND_WANDA-AML2","Alex Akulov",NA,74,6658,48.71358741696
"aku_m10","aku_m10_ITS2_S83_R1_001.fastq.gz,aku_m10_ITS2_S83_R2_001.fastq.gz","GCATCGATGAAGAACGCAGC","TCCTCCGCTTATTGATATGC","aku_m10","Ukraine","dry_grassland","Non-Agricultural","Central European mixed forests","True sample","Scripps_run_7",974,"aku_m10","tp-prylutskyi23","30m",342,"10/08/2023","No","silica gel",NA,NA,NA,"5-10cm","Qiagen Powersoil Pro","ITS3-ITS4_AND_WANDA-AML2","Alex Akulov",NA,11,960,-11.4154171932694
"aku_m12","aku_m12_ITS2_S85_R1_001.fastq.gz,aku_m12_ITS2_S85_R2_001.fastq.gz","GCATCGATGAAGAACGCAGC","TCCTCCGCTTATTGATATGC","aku_m12","Ukraine","deciduous_forest","Non-Agricultural","Central European mixed forests","True sample","Scripps_run_7",58831,"aku_m12","tp-prylutskyi23","30m",389,"10/08/2023","No","silica gel",NA,NA,NA,"5-10cm","Qiagen Powersoil Pro","ITS3-ITS4_AND_WANDA-AML2","Alex Akulov",NA,78,43620,34.0899068980582
"aku_m1","aku_m1_ITS2_S74_R1_001.fastq.gz,aku_m1_ITS2_S74_R2_001.fastq.gz","GCATCGATGAAGAACGCAGC","TCCTCCGCTTATTGATATGC","aku_m1","Ukraine","deciduous_forest","Non-Agricultural","Central European mixed forests","True sample","Scripps_run_7",8978,"aku_m1","tp-prylutskyi23","30m",297,"10/08/2023","No","silica gel",NA,NA,NA,"5-10cm","Qiagen Powersoil Pro","ITS3-ITS4_AND_WANDA-AML2","Alex Akulov",NA,116,6782,90.6511087528092
"aku_m2","aku_m2_ITS2_S75_R1_001.fastq.gz,aku_m2_ITS2_S75_R2_001.fastq.gz","GCATCGATGAAGAACGCAGC","TCCTCCGCTTATTGATATGC","aku_m2","Ukraine","deciduous_forest","Non-Agricultural","Central European mixed forests","True sample","Scripps_run_7",27516,"aku_m2","tp-prylutskyi23","30m",385,"10/08/2023","No","silica gel",NA,NA,NA,"5-10cm","Qiagen Powersoil Pro","ITS3-ITS4_AND_WANDA-AML2","Alex Akulov",NA,85,14632,55.6958062239043
"aku_m3","aku_m3_ITS2_S76_R1_001.fastq.gz,aku_m3_ITS2_S76_R2_001.fastq.gz","GCATCGATGAAGAACGCAGC","TCCTCCGCTTATTGATATGC","aku_m3","Ukraine","deciduous_forest","Non-Agricultural","Central European mixed forests","True sample","Scripps_run_7",6525,"aku_m3","tp-prylutskyi23","30m",361,"10/08/2023","No","silica gel",NA,NA,NA,"5-10cm","Qiagen Powersoil Pro","ITS3-ITS4_AND_WANDA-AML2","Alex Akulov",NA,79,4056,55.0246316437384
"aku_m4","aku_m4_ITS2_S77_R1_001.fastq.gz,aku_m4_ITS2_S77_R2_001.fastq.gz","GCATCGATGAAGAACGCAGC","TCCTCCGCTTATTGATATGC","aku_m4","Ukraine","deciduous_forest","Non-Agricultural","Central European mixed forests","True sample","Scripps_run_7",6375,"aku_m4","tp-prylutskyi23","30m",347,"10/08/2023","No","silica gel",NA,NA,NA,"5-10cm","Qiagen Powersoil Pro","ITS3-ITS4_AND_WANDA-AML2","Alex Akulov",NA,28,1378,5.3739692453189
"aku_m5","aku_m5_ITS2_S78_R1_001.fastq.gz,aku_m5_ITS2_S78_R2_001.fastq.gz","GCATCGATGAAGAACGCAGC","TCCTCCGCTTATTGATATGC","aku_m5","Ukraine","deciduous_forest","Non-Agricultural","Central European mixed forests","True sample","Scripps_run_7",777,"aku_m5","tp-prylutskyi23","30m",249,"10/08/2023","No","silica gel",NA,NA,NA,"5-10cm","Qiagen Powersoil Pro","ITS3-ITS4_AND_WANDA-AML2","Alex Akulov",NA,21,755,-1.31212585334254
"aku_m6","aku_m6_ITS2_S79_R1_001.fastq.gz,aku_m6_ITS2_S79_R2_001.fastq.gz","GCATCGATGAAGAACGCAGC","TCCTCCGCTTATTGATATGC","aku_m6","Ukraine","deciduous_forest","Non-Agricultural","Central European mixed forests","True sample","Scripps_run_7",197,"aku_m6","tp-prylutskyi23","30m",250,"10/08/2023","No","silica gel",NA,NA,NA,"5-10cm","Qiagen Powersoil Pro","ITS3-ITS4_AND_WANDA-AML2","Alex Akulov",NA,12,197,-10.0309718646637
"aku_m7","aku_m7_ITS2_S80_R1_001.fastq.gz,aku_m7_ITS2_S80_R2_001.fastq.gz","GCATCGATGAAGAACGCAGC","TCCTCCGCTTATTGATATGC","aku_m7","Ukraine","deciduous_forest","Non-Agricultural","Central European mixed forests","True sample","Scripps_run_7",76010,"aku_m7","tp-prylutskyi23","30m",384,"10/08/2023","No","silica gel",NA,30.73,"denovix","5-10cm","Qiagen Powersoil Pro","ITS3-ITS4_AND_WANDA-AML2","Alex Akulov",NA,154,72462,95.5575711606477
"aku_m8","aku_m8_ITS2_S81_R1_001.fastq.gz,aku_m8_ITS2_S81_R2_001.fastq.gz","GCATCGATGAAGAACGCAGC","TCCTCCGCTTATTGATATGC","aku_m8","Ukraine","coniferous_forest","Non-Agricultural","Central European mixed forests","True sample","Scripps_run_7",4430,"aku_m8","tp-prylutskyi23","30m",359,"10/08/2023","No","silica gel",NA,NA,NA,"5-10cm","Qiagen Powersoil Pro","ITS3-ITS4_AND_WANDA-AML2","Alex Akulov",NA,28,1987,5.06711838670705
"aku_m9","aku_m9_ITS2_S82_R1_001.fastq.gz,aku_m9_ITS2_S82_R2_001.fastq.gz","GCATCGATGAAGAACGCAGC","TCCTCCGCTTATTGATATGC","aku_m9","Ukraine","dry_grassland","Non-Agricultural","Central European mixed forests","True sample","Scripps_run_7",957,"aku_m9","tp-prylutskyi23","30m",293,"10/08/2023","No","silica gel",NA,NA,NA,"5-10cm","Qiagen Powersoil Pro","ITS3-ITS4_AND_WANDA-AML2","Alex Akulov",NA,7,956,-15.4134017524903
"aku_s10","aku_s10_ITS2_S71_R1_001.fastq.gz,aku_s10_ITS2_S71_R2_001.fastq.gz","GCATCGATGAAGAACGCAGC","TCCTCCGCTTATTGATATGC","aku_s10","Ukraine","coniferous_forest","Non-Agricultural","Carpathian montane forests","True sample","Scripps_run_7",1418,"aku_s10","tp-prylutskyi23","30m",762,"06/08/2023","No","silica gel",NA,NA,NA,"5-10cm","Qiagen Powersoil Pro","ITS3-ITS4_AND_WANDA-AML2","Alex Akulov",NA,27,1416,4.35482255791783
"aku_s11","aku_s11_ITS2_S72_R1_001.fastq.gz,aku_s11_ITS2_S72_R2_001.fastq.gz","GCATCGATGAAGAACGCAGC","TCCTCCGCTTATTGATATGC","aku_s11","Ukraine","mixed_forest","Non-Agricultural","Carpathian montane forests","True sample","Scripps_run_7",1756,"aku_s11","tp-prylutskyi23","30m",683,"04/08/2023","No","silica gel",NA,NA,NA,"5-10cm","Qiagen Powersoil Pro","ITS3-ITS4_AND_WANDA-AML2","Alex Akulov",NA,50,1681,27.2212996063051
"aku_s12","aku_s12_ITS2_S73_R1_001.fastq.gz,aku_s12_ITS2_S73_R2_001.fastq.gz","GCATCGATGAAGAACGCAGC","TCCTCCGCTTATTGATATGC","aku_s12","Ukraine","mesic_grassland","Non-Agricultural","Carpathian montane forests","True sample","Scripps_run_7",39,"aku_s12","tp-prylutskyi23","30m",581,"04/08/2023","No","silica gel",NA,NA,NA,"5-10cm","Qiagen Powersoil Pro","ITS3-ITS4_AND_WANDA-AML2","Alex Akulov",NA,8,39,-13.9513619538908
"aku_s1","aku_s1_ITS2_S62_R1_001.fastq.gz,aku_s1_ITS2_S62_R2_001.fastq.gz","GCATCGATGAAGAACGCAGC","TCCTCCGCTTATTGATATGC","aku_s1","Ukraine","mixed_forest","Non-Agricultural","Carpathian montane forests","True sample","Scripps_run_7",1374,"aku_s1","tp-prylutskyi23","30m",767,"05/08/2023","No","silica gel",NA,NA,NA,"5-10cm","Qiagen Powersoil Pro","ITS3-ITS4_AND_WANDA-AML2","Alex Akulov",NA,42,1345,19.3905966317461
"aku_s2","aku_s2_ITS2_S63_R1_001.fastq.gz,aku_s2_ITS2_S63_R2_001.fastq.gz","GCATCGATGAAGAACGCAGC","TCCTCCGCTTATTGATATGC","aku_s2","Ukraine","mixed_forest","Non-Agricultural","Carpathian montane forests","True sample","Scripps_run_7",485,"aku_s2","tp-prylutskyi23","30m",816,"05/08/2023","No","silica gel",NA,NA,NA,"5-10cm","Qiagen Powersoil Pro","ITS3-ITS4_AND_WANDA-AML2","Alex Akulov",NA,23,447,0.843063086645059
"aku_s3","aku_s3_ITS2_S64_R1_001.fastq.gz,aku_s3_ITS2_S64_R2_001.fastq.gz","GCATCGATGAAGAACGCAGC","TCCTCCGCTTATTGATATGC","aku_s3","Ukraine","mixed_forest","Non-Agricultural","Carpathian montane forests","True sample","Scripps_run_7",56,"aku_s3","tp-prylutskyi23","30m",957,"05/08/2023","No","silica gel",NA,NA,NA,"5-10cm","Qiagen Powersoil Pro","ITS3-ITS4_AND_WANDA-AML2","Alex Akulov",NA,17,49,-4.95640055583849
"aku_s4","aku_s4_ITS2_S65_R1_001.fastq.gz,aku_s4_ITS2_S65_R2_001.fastq.gz","GCATCGATGAAGAACGCAGC","TCCTCCGCTTATTGATATGC","aku_s4","Ukraine","coniferous_forest","Non-Agricultural","Carpathian montane forests","True sample","Scripps_run_7",3145,"aku_s4","tp-prylutskyi23","30m",998,"05/08/2023","No","silica gel",NA,NA,NA,"5-10cm","Qiagen Powersoil Pro","ITS3-ITS4_AND_WANDA-AML2","Alex Akulov",NA,31,2829,7.64286810271497
"aku_s5","aku_s5_ITS2_S66_R1_001.fastq.gz,aku_s5_ITS2_S66_R2_001.fastq.gz","GCATCGATGAAGAACGCAGC","TCCTCCGCTTATTGATATGC","aku_s5","Ukraine","mixed_forest","Non-Agricultural","Carpathian montane forests","True sample","Scripps_run_7",910,"aku_s5","tp-prylutskyi23","30m",868,"05/08/2023","No","silica gel",NA,NA,NA,"5-10cm","Qiagen Powersoil Pro","ITS3-ITS4_AND_WANDA-AML2","Alex Akulov",NA,37,789,14.6707429000354
"aku_s6","aku_s6_ITS2_S67_R1_001.fastq.gz,aku_s6_ITS2_S67_R2_001.fastq.gz","GCATCGATGAAGAACGCAGC","TCCTCCGCTTATTGATATGC","aku_s6","Ukraine","coniferous_forest","Non-Agricultural","Carpathian montane forests","True sample","Scripps_run_7",2009,"aku_s6","tp-prylutskyi23","30m",736,"05/08/2023","No","silica gel",NA,NA,NA,"5-10cm","Qiagen Powersoil Pro","ITS3-ITS4_AND_WANDA-AML2","Alex Akulov",NA,44,1990,21.0656068061228
"aku_s7","aku_s7_ITS2_S68_R1_001.fastq.gz,aku_s7_ITS2_S68_R2_001.fastq.gz","GCATCGATGAAGAACGCAGC","TCCTCCGCTTATTGATATGC","aku_s7","Ukraine","coniferous_forest","Non-Agricultural","Carpathian montane forests","True sample","Scripps_run_7",7144,"aku_s7","tp-prylutskyi23","30m",664,"06/08/2023","No","silica gel",NA,NA,NA,"5-10cm","Qiagen Powersoil Pro","ITS3-ITS4_AND_WANDA-AML2","Alex Akulov",NA,40,6917,14.5830876265159
"aku_s8","aku_s8_ITS2_S69_R1_001.fastq.gz,aku_s8_ITS2_S69_R2_001.fastq.gz","GCATCGATGAAGAACGCAGC","TCCTCCGCTTATTGATATGC","aku_s8","Ukraine","coniferous_forest","Non-Agricultural","Carpathian montane forests","True sample","Scripps_run_7",747,"aku_s8","tp-prylutskyi23","30m",697,"06/08/2023","No","silica gel",NA,NA,NA,"5-10cm","Qiagen Powersoil Pro","ITS3-ITS4_AND_WANDA-AML2","Alex Akulov",NA,31,667,8.73221384379677
"aku_s9","aku_s9_ITS2_S70_R1_001.fastq.gz,aku_s9_ITS2_S70_R2_001.fastq.gz","GCATCGATGAAGAACGCAGC","TCCTCCGCTTATTGATATGC","aku_s9","Ukraine","deciduous_forest","Non-Agricultural","Carpathian montane forests","True sample","Scripps_run_7",773,"aku_s9","tp-prylutskyi23","30m",716,"06/08/2023","No","silica gel",NA,NA,NA,"5-10cm","Qiagen Powersoil Pro","ITS3-ITS4_AND_WANDA-AML2","Alex Akulov",NA,53,675,30.7281829622387
"an_10","an_10_ITS2_S43_R1_001.fastq.gz,an_10_ITS2_S43_R2_001.fastq.gz","GCATCGATGAAGAACGCAGC","TCCTCCGCTTATTGATATGC","an_10","Ukraine","mesic_grassland","Non-Agricultural","Carpathian montane forests","True sample","Scripps_run_7",3,"an_10","tp-prylutskyi23","30m",1031,"17/07/2023","No","silica gel",NA,NA,NA,"5-10cm","Qiagen Powersoil Pro","ITS3-ITS4_AND_WANDA-AML2","Andriy Novikov",NA,2,3,-19.9332229868793
"an_11","an_11_ITS2_S44_R1_001.fastq.gz,an_11_ITS2_S44_R2_001.fastq.gz","GCATCGATGAAGAACGCAGC","TCCTCCGCTTATTGATATGC","an_11","Ukraine","mesic_grassland","Non-Agricultural","Carpathian montane forests","True sample","Scripps_run_7",151,"an_11","tp-prylutskyi23","30m",773,"17/07/2023","No","silica gel",NA,NA,NA,"5-10cm","Qiagen Powersoil Pro","ITS3-ITS4_AND_WANDA-AML2","Andriy Novikov",NA,5,151,-17.0077942957045
"an_12","an_12_ITS2_S51_R1_001.fastq.gz,an_12_ITS2_S51_R2_001.fastq.gz","GCATCGATGAAGAACGCAGC","TCCTCCGCTTATTGATATGC","an_12","Ukraine","mixed_forest","Non-Agricultural","Central European mixed forests","True sample","Scripps_run_7",1860,"an_12","tp-prylutskyi23","30m",344,"13/08/2023","No","silica gel",NA,17.827,"denovix","5-10cm","Qiagen Powersoil Pro","ITS3-ITS4_AND_WANDA-AML2","Andriy Novikov",NA,40,1330,17.3981545346676
"an_13","an_13_ITS2_S52_R1_001.fastq.gz,an_13_ITS2_S52_R2_001.fastq.gz","GCATCGATGAAGAACGCAGC","TCCTCCGCTTATTGATATGC","an_13","Ukraine","deciduous_forest","Non-Agricultural","Central European mixed forests","True sample","Scripps_run_7",8360,"an_13","tp-prylutskyi23","30m",295,"13/08/2023","No","silica gel",NA,NA,NA,"5-10cm","Qiagen Powersoil Pro","ITS3-ITS4_AND_WANDA-AML2","Andriy Novikov",NA,85,7535,59.2717020261511
"an_1","an_1_ITS2_S34_R1_001.fastq.gz,an_1_ITS2_S34_R2_001.fastq.gz","GCATCGATGAAGAACGCAGC","TCCTCCGCTTATTGATATGC","an_1","Ukraine","grassland_alpine","Non-Agricultural","Carpathian montane forests","True sample","Scripps_run_7",38,"an_1","tp-prylutskyi23","30m",1998,"16/07/2023","No","silica gel",NA,NA,NA,"5-10cm","Qiagen Powersoil Pro","ITS3-ITS4_AND_WANDA-AML2","Andriy Novikov",NA,3,33,-18.9483387927223
"an_2","an_2_ITS2_S35_R1_001.fastq.gz,an_2_ITS2_S35_R2_001.fastq.gz","GCATCGATGAAGAACGCAGC","TCCTCCGCTTATTGATATGC","an_2","Ukraine","grassland (subalpine)","Non-Agricultural","Carpathian montane forests","True sample","Scripps_run_7",3,"an_2","tp-prylutskyi23","30m",1616,"16/07/2023","No","silica gel",NA,NA,NA,"5-10cm","Qiagen Powersoil Pro","ITS3-ITS4_AND_WANDA-AML2","Andriy Novikov",NA,0,0,-21.931711406295
"an_3","an_3_ITS2_S36_R1_001.fastq.gz,an_3_ITS2_S36_R2_001.fastq.gz","GCATCGATGAAGAACGCAGC","TCCTCCGCTTATTGATATGC","an_3","Ukraine","grassland (subalpine)","Non-Agricultural","Carpathian montane forests","True sample","Scripps_run_7",3,"an_3","tp-prylutskyi23","30m",1521,"16/07/2023","No","silica gel",NA,NA,NA,"5-10cm","Qiagen Powersoil Pro","ITS3-ITS4_AND_WANDA-AML2","Andriy Novikov",NA,0,0,-21.931711406295
"an_4","an_4_ITS2_S37_R1_001.fastq.gz,an_4_ITS2_S37_R2_001.fastq.gz","GCATCGATGAAGAACGCAGC","TCCTCCGCTTATTGATATGC","an_4","Ukraine","coniferous_forest","Non-Agricultural","Carpathian montane forests","True sample","Scripps_run_7",2572,"an_4","tp-prylutskyi23","30m",1551,"16/07/2023","No","silica gel",NA,NA,NA,"5-10cm","Qiagen Powersoil Pro","ITS3-ITS4_AND_WANDA-AML2","Andriy Novikov",NA,18,1522,-4.69858662272726
"an_5","an_5_ITS2_S38_R1_001.fastq.gz,an_5_ITS2_S38_R2_001.fastq.gz","GCATCGATGAAGAACGCAGC","TCCTCCGCTTATTGATATGC","an_5","Ukraine","coniferous_forest","Non-Agricultural","Carpathian montane forests","True sample","Scripps_run_7",230,"an_5","tp-prylutskyi23","30m",1344,"16/07/2023","No","silica gel",NA,NA,NA,"5-10cm","Qiagen Powersoil Pro","ITS3-ITS4_AND_WANDA-AML2","Andriy Novikov",NA,11,205,-11.0350027462218
"an_6","an_6_ITS2_S39_R1_001.fastq.gz,an_6_ITS2_S39_R2_001.fastq.gz","GCATCGATGAAGAACGCAGC","TCCTCCGCTTATTGATATGC","an_6","Ukraine","deciduous_forest","Non-Agricultural","Carpathian montane forests","True sample","Scripps_run_7",166,"an_6","tp-prylutskyi23","30m",1229,"16/07/2023","No","silica gel",NA,NA,NA,"5-10cm","Qiagen Powersoil Pro","ITS3-ITS4_AND_WANDA-AML2","Andriy Novikov",NA,18,92,-3.97806654421339
"an_7","an_7_ITS2_S40_R1_001.fastq.gz,an_7_ITS2_S40_R2_001.fastq.gz","GCATCGATGAAGAACGCAGC","TCCTCCGCTTATTGATATGC","an_7","Ukraine","grassland (subalpine)","Non-Agricultural","Carpathian montane forests","True sample","Scripps_run_7",0,"an_7","tp-prylutskyi23","30m",1598,"16/07/2023","No","silica gel",NA,NA,NA,"5-10cm","Qiagen Powersoil Pro","ITS3-ITS4_AND_WANDA-AML2","Andriy Novikov",NA,0,0,-21.931711406295
"an_8","an_8_ITS2_S41_R1_001.fastq.gz,an_8_ITS2_S41_R2_001.fastq.gz","GCATCGATGAAGAACGCAGC","TCCTCCGCTTATTGATATGC","an_8","Ukraine","coniferous_forest","Non-Agricultural","Carpathian montane forests","True sample","Scripps_run_7",338,"an_8","tp-prylutskyi23","30m",1305,"17/07/2023","No","silica gel",NA,NA,NA,"5-10cm","Qiagen Powersoil Pro","ITS3-ITS4_AND_WANDA-AML2","Andriy Novikov",NA,6,323,-16.0944582492041
"an_9","an_9_ITS2_S42_R1_001.fastq.gz,an_9_ITS2_S42_R2_001.fastq.gz","GCATCGATGAAGAACGCAGC","TCCTCCGCTTATTGATATGC","an_9","Ukraine","deciduous_forest","Non-Agricultural","Carpathian montane forests","True sample","Scripps_run_7",108,"an_9","tp-prylutskyi23","30m",990,"17/07/2023","No","silica gel",NA,NA,NA,"5-10cm","Qiagen Powersoil Pro","ITS3-ITS4_AND_WANDA-AML2","Andriy Novikov",NA,14,99,-7.98159356557674
"apryl_10","apryl_10_ITS2_S171_R1_001.fastq.gz,apryl_10_ITS2_S171_R2_001.fastq.gz","GCATCGATGAAGAACGCAGC","TCCTCCGCTTATTGATATGC","apryl_10","Ukraine","dry_grassland","Non-Agricultural","Central European mixed forests","True sample","Scripps_run_7",16242,"apryl_10","tp-prylutskyi23","30m",259,"17/09/2023","No","silica gel",NA,NA,NA,"5-10cm","Qiagen Powersoil Pro","ITS3-ITS4_AND_WANDA-AML2","Alona Prylutska","Olexii Parfilov",16,16237,-14.1128893886934
"apryl_11","apryl_11_ITS2_S172_R1_001.fastq.gz,apryl_11_ITS2_S172_R2_001.fastq.gz","GCATCGATGAAGAACGCAGC","TCCTCCGCTTATTGATATGC","apryl_11","Ukraine","deciduous_forest","Non-Agricultural","Central European mixed forests","True sample","Scripps_run_7",379949,"apryl_11","tp-prylutskyi23","30m",302,"17/09/2023","No","silica gel",NA,NA,NA,"5-10cm","Qiagen Powersoil Pro","ITS3-ITS4_AND_WANDA-AML2","Alona Prylutska",NA,177,283962,11.9911399678622
"apryl_1","apryl_1_ITS2_S145_R1_001.fastq.gz,apryl_1_ITS2_S145_R2_001.fastq.gz","GCATCGATGAAGAACGCAGC","TCCTCCGCTTATTGATATGC","apryl_1","Ukraine","deciduous_forest","Non-Agricultural","Central European mixed forests","True sample","Scripps_run_7",304002,"apryl_1","tp-prylutskyi23","30m",272,"09/09/2023","No","silica gel",NA,24.899,"denovix","5-10cm","Qiagen Powersoil Pro","ITS3-ITS4_AND_WANDA-AML2","Alona Prylutska",NA,118,221503,-15.5382561273142
"apryl_2","apryl_2_ITS2_S146_R1_001.fastq.gz,apryl_2_ITS2_S146_R2_001.fastq.gz","GCATCGATGAAGAACGCAGC","TCCTCCGCTTATTGATATGC","apryl_2","Ukraine","deciduous_forest","Non-Agricultural","Central European mixed forests","True sample","Scripps_run_7",47417,"apryl_2","tp-prylutskyi23","30m",218,"09/09/2023","No","silica gel",NA,NA,NA,"5-10cm","Qiagen Powersoil Pro","ITS3-ITS4_AND_WANDA-AML2","Alona Prylutska",NA,26,40213,-16.1934414183777
"apryl_3","apryl_3_ITS2_S147_R1_001.fastq.gz,apryl_3_ITS2_S147_R2_001.fastq.gz","GCATCGATGAAGAACGCAGC","TCCTCCGCTTATTGATATGC","apryl_3","Ukraine","deciduous_forest","Non-Agricultural","East European forest steppe","True sample","Scripps_run_7",274475,"apryl_3","tp-prylutskyi23","30m",122,"09/09/2023","No","silica gel",NA,NA,NA,"5-10cm","Qiagen Powersoil Pro","ITS3-ITS4_AND_WANDA-AML2","Alona Prylutska",NA,131,131645,42.7376132538741
"apryl_4","apryl_4_ITS2_S148_R1_001.fastq.gz,apryl_4_ITS2_S148_R2_001.fastq.gz","GCATCGATGAAGAACGCAGC","TCCTCCGCTTATTGATATGC","apryl_4","Ukraine","dry_grassland","Non-Agricultural","Pontic steppe","True sample","Scripps_run_7",4970,"apryl_4","tp-prylutskyi23","30m",84,"11/09/2023","No","silica gel",NA,NA,NA,"5-10cm","Qiagen Powersoil Pro","ITS3-ITS4_AND_WANDA-AML2","Alona Prylutska",NA,9,4970,-15.4358965742768
"apryl_5","apryl_5_ITS2_S149_R1_001.fastq.gz,apryl_5_ITS2_S149_R2_001.fastq.gz","GCATCGATGAAGAACGCAGC","TCCTCCGCTTATTGATATGC","apryl_5","Ukraine","deciduous_forest","Non-Agricultural","Central European mixed forests","True sample","Scripps_run_7",41191,"apryl_5","tp-prylutskyi23","30m",245,"11/09/2023","No","silica gel",NA,NA,NA,"5-10cm","Qiagen Powersoil Pro","ITS3-ITS4_AND_WANDA-AML2","Alona Prylutska",NA,48,40633,5.59493729982106
"apryl_6","apryl_6_ITS2_S150_R1_001.fastq.gz,apryl_6_ITS2_S150_R2_001.fastq.gz","GCATCGATGAAGAACGCAGC","TCCTCCGCTTATTGATATGC","apryl_6","Ukraine","mesic_grassland","Non-Agricultural","East European forest steppe","True sample","Scripps_run_7",58003,"apryl_6","tp-prylutskyi23","30m",131,"12/09/2023","No","silica gel",NA,NA,NA,"5-10cm","Qiagen Powersoil Pro","ITS3-ITS4_AND_WANDA-AML2","Alona Prylutska",NA,17,45939,-28.0785448936017
"apryl_7","apryl_7_ITS2_S151_R1_001.fastq.gz,apryl_7_ITS2_S151_R2_001.fastq.gz","GCATCGATGAAGAACGCAGC","TCCTCCGCTTATTGATATGC","apryl_7","Ukraine","deciduous_forest","Non-Agricultural","East European forest steppe","True sample","Scripps_run_7",280786,"apryl_7","tp-prylutskyi23","30m",167,"12/09/2023","No","silica gel",NA,NA,NA,"5-10cm","Qiagen Powersoil Pro","ITS3-ITS4_AND_WANDA-AML2","Alona Prylutska",NA,98,85466,33.0053731879244
"apryl_8","apryl_8_ITS2_S152_R1_001.fastq.gz,apryl_8_ITS2_S152_R2_001.fastq.gz","GCATCGATGAAGAACGCAGC","TCCTCCGCTTATTGATATGC","apryl_8","Ukraine","deciduous_forest","Non-Agricultural","Central European mixed forests","True sample","Scripps_run_7",147661,"apryl_8","tp-prylutskyi23","30m",308,"16/09/2023","No","silica gel",NA,NA,NA,"5-10cm","Qiagen Powersoil Pro","ITS3-ITS4_AND_WANDA-AML2","Alona Prylutska",NA,158,116013,77.6139558184397
"apryl_9","apryl_9_ITS2_S170_R1_001.fastq.gz,apryl_9_ITS2_S170_R2_001.fastq.gz","GCATCGATGAAGAACGCAGC","TCCTCCGCTTATTGATATGC","apryl_9","Ukraine","dry_grassland","Non-Agricultural","Central European mixed forests","True sample","Scripps_run_7",2195,"apryl_9","tp-prylutskyi23","30m",288,"17/09/2023","No","silica gel",NA,NA,NA,"5-10cm","Qiagen Powersoil Pro","ITS3-ITS4_AND_WANDA-AML2","Alona Prylutska","Olexii Parfilov",9,2182,-14.0311343512721
"db_kn_06","db_kn_06_ITS2_S145_L001_R1_001.fastq.gz,db_kn_06_ITS2_S145_L001_R2_001.fastq.gz","GCATCGATGAAGAACGCAGC","TCCTCCGCTTATTGATATGC","db_kn_06","Ukraine","deciduous_forest","Non-Agricultural","East European forest steppe","True sample","Scripps_run_7",16153,"db_kn_06","tp-prylutskyi23","30m",148,"20/09/2023","No","silica gel",NA,12.648,"denovix","5-10cm","Qiagen Powersoil Pro","ITS3-ITS4_AND_WANDA-AML2","Kateryna Lavrinenko","Vasyl Shevchyk",41,11550,13.2487033441699
"db_zp_08","db_zp_08_ITS2_S114_R1_001.fastq.gz,db_zp_08_ITS2_S114_R2_001.fastq.gz","GCATCGATGAAGAACGCAGC","TCCTCCGCTTATTGATATGC","db_zp_08","Ukraine","bairak_forest","Non-Agricultural","Pontic steppe","True sample","Scripps_run_7",6658,"db_zp_08","tp-prylutskyi23","30m",35,"01/09/2023","No","silica gel",NA,21.69,"denovix","5-10cm","Qiagen Powersoil Pro","ITS3-ITS4_AND_WANDA-AML2","Dariia Borovyk","Volodymyr Shyriaiev",19,5021,-5.46159344420979
"dbbg01","dbbg01_ITS2_S129_R1_001.fastq.gz,dbbg01_ITS2_S129_R2_001.fastq.gz","GCATCGATGAAGAACGCAGC","TCCTCCGCTTATTGATATGC","dbbg01","Ukraine","xero-mesic_grassland","Non-Agricultural","Pontic steppe","True sample","Scripps_run_7",6465,"dbbg01","tp-prylutskyi23","30m",51,"06/09/2023","No","silica gel",NA,NA,NA,"5-10cm","Qiagen Powersoil Pro","ITS3-ITS4_AND_WANDA-AML2","Dariia Borovyk","Kateryna Lavrinenko",4,6455,-21.1841289635027
"dbbg02","dbbg02_ITS2_S130_R1_001.fastq.gz,dbbg02_ITS2_S130_R2_001.fastq.gz","GCATCGATGAAGAACGCAGC","TCCTCCGCTTATTGATATGC","dbbg02","Ukraine","bairak_forest","Non-Agricultural","Pontic steppe","True sample","Scripps_run_7",11020,"dbbg02","tp-prylutskyi23","30m",51,"06/09/2023","No","silica gel",NA,NA,NA,"5-10cm","Qiagen Powersoil Pro","ITS3-ITS4_AND_WANDA-AML2","Kateryna Lavrinenko","Dariia Borovyk",20,4388,-4.14264994092358
"dbbg03","dbbg03_ITS2_S131_R1_001.fastq.gz,dbbg03_ITS2_S131_R2_001.fastq.gz","GCATCGATGAAGAACGCAGC","TCCTCCGCTTATTGATATGC","dbbg03","Ukraine","floodplain_meadows","Non-Agricultural","Pontic steppe","True sample","Scripps_run_7",2115,"dbbg03","tp-prylutskyi23","30m",37,"06/09/2023","No","silica gel",NA,NA,NA,"5-10cm","Qiagen Powersoil Pro","ITS3-ITS4_AND_WANDA-AML2","Dariia Borovyk","Kateryna Lavrinenko",1,2115,-21.9973757182229
"dbbg04","dbbg04_ITS2_S132_R1_001.fastq.gz,dbbg04_ITS2_S132_R2_001.fastq.gz","GCATCGATGAAGAACGCAGC","TCCTCCGCTTATTGATATGC","dbbg04","Ukraine","bairak_forest","Non-Agricultural","Pontic steppe","True sample","Scripps_run_7",4419,"dbbg04","tp-prylutskyi23","30m",61,"06/09/2023","No","silica gel",NA,NA,NA,"5-10cm","Qiagen Powersoil Pro","ITS3-ITS4_AND_WANDA-AML2","Kateryna Lavrinenko","Dariia Borovyk",13,4347,-11.1219916729382
"dbbg05","dbbg05_ITS2_S133_R1_001.fastq.gz,dbbg05_ITS2_S133_R2_001.fastq.gz","GCATCGATGAAGAACGCAGC","TCCTCCGCTTATTGATATGC","dbbg05","Ukraine","petrophytic_steppe","Non-Agricultural","Pontic steppe","True sample","Scripps_run_7",3,"dbbg05","tp-prylutskyi23","30m",60,"06/09/2023","No","silica gel",NA,NA,NA,"5-10cm","Qiagen Powersoil Pro","ITS3-ITS4_AND_WANDA-AML2","Kateryna Lavrinenko","Dariia Borovyk",2,3,-19.9332229868793
"dbbg06","dbbg06_ITS2_S134_R1_001.fastq.gz,dbbg06_ITS2_S134_R2_001.fastq.gz","GCATCGATGAAGAACGCAGC","TCCTCCGCTTATTGATATGC","dbbg06","Ukraine","dry_grassland","Non-Agricultural","Pontic steppe","True sample","Scripps_run_7",257,"dbbg06","tp-prylutskyi23","30m",74,"06/09/2023","No","silica gel",NA,NA,NA,"5-10cm","Qiagen Powersoil Pro","ITS3-ITS4_AND_WANDA-AML2","Dariia Borovyk","Kateryna Lavrinenko",7,254,-15.0596918957653
"dbbg07","dbbg07_ITS2_S135_R1_001.fastq.gz,dbbg07_ITS2_S135_R2_001.fastq.gz","GCATCGATGAAGAACGCAGC","TCCTCCGCTTATTGATATGC","dbbg07","Ukraine","floodplain_forest","Non-Agricultural","Pontic steppe","True sample","Scripps_run_7",492478,"dbbg07","tp-prylutskyi23","30m",43,"06/09/2023","No","silica gel",NA,NA,NA,"5-10cm","Qiagen Powersoil Pro","ITS3-ITS4_AND_WANDA-AML2","Kateryna Lavrinenko","Dariia Borovyk",63,74529,3.51609213806856
"dbbg08","dbbg08_ITS2_S136_R1_001.fastq.gz,dbbg08_ITS2_S136_R2_001.fastq.gz","GCATCGATGAAGAACGCAGC","TCCTCCGCTTATTGATATGC","dbbg08","Ukraine","dry_grassland","Non-Agricultural","Pontic steppe","True sample","Scripps_run_7",330,"dbbg08","tp-prylutskyi23","30m",49,"06/09/2023","No","silica gel",NA,NA,NA,"5-10cm","Qiagen Powersoil Pro","ITS3-ITS4_AND_WANDA-AML2","Dariia Borovyk","Kateryna Lavrinenko",6,330,-16.0979852705674
"dbbg09","dbbg09_ITS2_S137_R1_001.fastq.gz,dbbg09_ITS2_S137_R2_001.fastq.gz","GCATCGATGAAGAACGCAGC","TCCTCCGCTTATTGATATGC","dbbg09","Ukraine","petrophytic_steppe","Non-Agricultural","Pontic steppe","True sample","Scripps_run_7",6,"dbbg09","tp-prylutskyi23","30m",45,"07/09/2023","No","silica gel",NA,NA,NA,"5-10cm","Qiagen Powersoil Pro","ITS3-ITS4_AND_WANDA-AML2","Kateryna Lavrinenko","Dariia Borovyk",1,1,-20.9322152664898
"dbbg10","dbbg10_ITS2_S138_R1_001.fastq.gz,dbbg10_ITS2_S138_R2_001.fastq.gz","GCATCGATGAAGAACGCAGC","TCCTCCGCTTATTGATATGC","dbbg10","Ukraine","petrophytic_steppe","Non-Agricultural","Pontic steppe","True sample","Scripps_run_7",399,"dbbg10","tp-prylutskyi23","30m",37,"07/09/2023","No","silica gel",NA,NA,NA,"5-10cm","Qiagen Powersoil Pro","ITS3-ITS4_AND_WANDA-AML2","Dariia Borovyk","Kateryna Lavrinenko",1,399,-21.1327516240062
"dbbg11","dbbg11_ITS2_S139_R1_001.fastq.gz,dbbg11_ITS2_S139_R2_001.fastq.gz","GCATCGATGAAGAACGCAGC","TCCTCCGCTTATTGATATGC","dbbg11","Ukraine","floodplain_forest","Non-Agricultural","Pontic steppe","True sample","Scripps_run_7",265748,"dbbg11","tp-prylutskyi23","30m",29,"07/09/2023","No","silica gel",NA,NA,NA,"5-10cm","Qiagen Powersoil Pro","ITS3-ITS4_AND_WANDA-AML2","Kateryna Lavrinenko","Dariia Borovyk",85,247595,-61.6849763291211
"dbbg12","dbbg12_ITS2_S140_R1_001.fastq.gz,dbbg12_ITS2_S140_R2_001.fastq.gz","GCATCGATGAAGAACGCAGC","TCCTCCGCTTATTGATATGC","dbbg12","Ukraine","petrophytic_steppe","Non-Agricultural","Pontic steppe","True sample","Scripps_run_7",6,"dbbg12","tp-prylutskyi23","30m",66,"07/09/2023","No","silica gel",NA,NA,NA,"5-10cm","Qiagen Powersoil Pro","ITS3-ITS4_AND_WANDA-AML2","Kateryna Lavrinenko","Dariia Borovyk",1,6,-20.9347345674636
"dbbg13","dbbg13_ITS2_S141_R1_001.fastq.gz,dbbg13_ITS2_S141_R2_001.fastq.gz","GCATCGATGAAGAACGCAGC","TCCTCCGCTTATTGATATGC","dbbg13","Ukraine","bairak_forest","Non-Agricultural","Pontic steppe","True sample","Scripps_run_7",62959,"dbbg13","tp-prylutskyi23","30m",56,"07/09/2023","No","silica gel",NA,NA,NA,"5-10cm","Qiagen Powersoil Pro","ITS3-ITS4_AND_WANDA-AML2","Dariia Borovyk","Kateryna Lavrinenko",38,60594,-14.462616047882
"dbchg01","dbchg01_ITS2_S177_L001_R1_001.fastq.gz,dbchg01_ITS2_S177_L001_R2_001.fastq.gz","GCATCGATGAAGAACGCAGC","TCCTCCGCTTATTGATATGC","dbchg01","Ukraine","deciduous_forest","Non-Agricultural","Central European mixed forests","True sample","Scripps_run_7",33558,"dbchg01","tp-prylutskyi23","30m",168,"22/09/2023","No","silica gel",NA,NA,NA,"5-10cm","Qiagen Powersoil Pro","ITS3-ITS4_AND_WANDA-AML2","Kateryna Lavrinenko","Ruslan Zayets",56,26982,20.4731328185573
"dbchg02","dbchg02_ITS2_S3_L001_R1_001.fastq.gz,dbchg02_ITS2_S3_L001_R2_001.fastq.gz","GCATCGATGAAGAACGCAGC","TCCTCCGCTTATTGATATGC","dbchg02","Ukraine","deciduous_forest","Non-Agricultural","Central European mixed forests","True sample","Scripps_run_7",34510,"dbchg02","tp-prylutskyi23","30m",179,"22/09/2023","No","silica gel",NA,NA,NA,"5-10cm","Qiagen Powersoil Pro","ITS3-ITS4_AND_WANDA-AML2","Kateryna Lavrinenko","Ruslan Zayets",86,21114,53.429784441438
"dbchg03","dbchg03_ITS2_S19_L001_R1_001.fastq.gz,dbchg03_ITS2_S19_L001_R2_001.fastq.gz","GCATCGATGAAGAACGCAGC","TCCTCCGCTTATTGATATGC","dbchg03","Ukraine","meadow_steppe","Non-Agricultural","Central European mixed forests","True sample","Scripps_run_7",667,"dbchg03","tp-prylutskyi23","30m",126,"22/09/2023","No","silica gel",NA,NA,NA,"5-10cm","Qiagen Powersoil Pro","ITS3-ITS4_AND_WANDA-AML2","Kateryna Lavrinenko",NA,11,666,-11.2672822960085
"dbchg04","dbchg04_ITS2_S35_L001_R1_001.fastq.gz,dbchg04_ITS2_S35_L001_R2_001.fastq.gz","GCATCGATGAAGAACGCAGC","TCCTCCGCTTATTGATATGC","dbchg04","Ukraine","floodplain_forest","Non-Agricultural","Central European mixed forests","True sample","Scripps_run_7",1216,"dbchg04","tp-prylutskyi23","30m",83,"22/09/2023","No","silica gel",NA,NA,NA,"5-10cm","Qiagen Powersoil Pro","ITS3-ITS4_AND_WANDA-AML2","Kateryna Lavrinenko",NA,8,1216,-14.5444054031292
"dbchg05","dbchg05_ITS2_S51_L001_R1_001.fastq.gz,dbchg05_ITS2_S51_L001_R2_001.fastq.gz","GCATCGATGAAGAACGCAGC","TCCTCCGCTTATTGATATGC","dbchg05","Ukraine","pine_forest","Non-Agricultural","Central European mixed forests","True sample","Scripps_run_7",16541,"dbchg05","tp-prylutskyi23","30m",124,"22/09/2023","No","silica gel",NA,NA,NA,"5-10cm","Qiagen Powersoil Pro","ITS3-ITS4_AND_WANDA-AML2","Kateryna Lavrinenko",NA,24,13915,-4.94292601644919
"dbkn01","dbkn01_ITS2_S65_L001_R1_001.fastq.gz,dbkn01_ITS2_S65_L001_R2_001.fastq.gz","GCATCGATGAAGAACGCAGC","TCCTCCGCTTATTGATATGC","dbkn01","Ukraine","sandy_grassland","Non-Agricultural","East European forest steppe","True sample","Scripps_run_7",480,"dbkn01","tp-prylutskyi23","30m",85,"19/09/2023","No","silica gel",NA,NA,NA,"5-10cm","Qiagen Powersoil Pro","ITS3-ITS4_AND_WANDA-AML2","Kateryna Lavrinenko","Vasyl Shevchyk",7,466,-15.1665102570555
"dbkn02","dbkn02_ITS2_S81_L001_R1_001.fastq.gz,dbkn02_ITS2_S81_L001_R2_001.fastq.gz","GCATCGATGAAGAACGCAGC","TCCTCCGCTTATTGATATGC","dbkn02","Ukraine","meadow_steppe","Non-Agricultural","East European forest steppe","True sample","Scripps_run_7",5322,"dbkn02","tp-prylutskyi23","30m",221,"19/09/2023","No","silica gel",NA,NA,NA,"5-10cm","Qiagen Powersoil Pro","ITS3-ITS4_AND_WANDA-AML2","Kateryna Lavrinenko","Vasyl Shevchyk",69,5074,44.5117019654677
"dbkn03","dbkn03_ITS2_S97_L001_R1_001.fastq.gz,dbkn03_ITS2_S97_L001_R2_001.fastq.gz","GCATCGATGAAGAACGCAGC","TCCTCCGCTTATTGATATGC","dbkn03","Ukraine","deciduous_forest","Non-Agricultural","East European forest steppe","True sample","Scripps_run_7",41458,"dbkn03","tp-prylutskyi23","30m",146,"19/09/2023","No","silica gel",NA,NA,NA,"5-10cm","Qiagen Powersoil Pro","ITS3-ITS4_AND_WANDA-AML2","Kateryna Lavrinenko","Vasyl Shevchyk",78,36942,37.4546852786985
"dbkn04","dbkn04_ITS2_S113_L001_R1_001.fastq.gz,dbkn04_ITS2_S113_L001_R2_001.fastq.gz","GCATCGATGAAGAACGCAGC","TCCTCCGCTTATTGATATGC","dbkn04","Ukraine","floodplain_forest","Non-Agricultural","East European forest steppe","True sample","Scripps_run_7",51958,"dbkn04","tp-prylutskyi23","30m",100,"19/09/2023","No","silica gel",NA,NA,NA,"5-10cm","Qiagen Powersoil Pro","ITS3-ITS4_AND_WANDA-AML2","Kateryna Lavrinenko","Vasyl Shevchyk",45,11260,17.3948228006517
"dbkn05","dbkn05_ITS2_S129_L001_R1_001.fastq.gz,dbkn05_ITS2_S129_L001_R2_001.fastq.gz","GCATCGATGAAGAACGCAGC","TCCTCCGCTTATTGATATGC","dbkn05","Ukraine","pine_forest","Non-Agricultural","East European forest steppe","True sample","Scripps_run_7",5651,"dbkn05","tp-prylutskyi23","30m",159,"20/09/2023","No","silica gel",NA,NA,NA,"5-10cm","Qiagen Powersoil Pro","ITS3-ITS4_AND_WANDA-AML2","Kateryna Lavrinenko","Vasyl Shevchyk",18,5013,-6.45756256265167
"dbkn07","dbkn07_ITS2_S161_L001_R1_001.fastq.gz,dbkn07_ITS2_S161_L001_R2_001.fastq.gz","GCATCGATGAAGAACGCAGC","TCCTCCGCTTATTGATATGC","dbkn07","Ukraine","pine_forest","Non-Agricultural","East European forest steppe","True sample","Scripps_run_7",10316,"dbkn07","tp-prylutskyi23","30m",148,"20/09/2023","No","silica gel",NA,NA,NA,"5-10cm","Qiagen Powersoil Pro","ITS3-ITS4_AND_WANDA-AML2","Kateryna Lavrinenko",NA,34,4631,9.73491203174854
"dbsn01","dbsn01_ITS2_S119_R1_001.fastq.gz,dbsn01_ITS2_S119_R2_001.fastq.gz","GCATCGATGAAGAACGCAGC","TCCTCCGCTTATTGATATGC","dbsn01","Ukraine","deciduous_forest","Non-Agricultural","Central European mixed forests","True sample","Scripps_run_7",3438,"dbsn01","tp-prylutskyi23","30m",249,"03/09/2023","No","silica gel",NA,NA,NA,"5-10cm","Qiagen Powersoil Pro","ITS3-ITS4_AND_WANDA-AML2","Kateryna Lavrinenko","Dariia Borovyk",47,3063,23.52496481714
"dbsn02","dbsn02_ITS2_S120_R1_001.fastq.gz,dbsn02_ITS2_S120_R2_001.fastq.gz","GCATCGATGAAGAACGCAGC","TCCTCCGCTTATTGATATGC","dbsn02","Ukraine","floodplain_meadows","Non-Agricultural","East European forest steppe","True sample","Scripps_run_7",2449,"dbsn02","tp-prylutskyi23","30m",140,"03/09/2023","No","silica gel",NA,NA,NA,"5-10cm","Qiagen Powersoil Pro","ITS3-ITS4_AND_WANDA-AML2","Dariia Borovyk","Kateryna Lavrinenko",10,2449,-13.1656650232744
"dbsn03","dbsn03_ITS2_S121_R1_001.fastq.gz,dbsn03_ITS2_S121_R2_001.fastq.gz","GCATCGATGAAGAACGCAGC","TCCTCCGCTTATTGATATGC","dbsn03","Ukraine","dry_grassland","Non-Agricultural","East European forest steppe","True sample","Scripps_run_7",3268,"dbsn03","tp-prylutskyi23","30m",152,"03/09/2023","No","silica gel",NA,NA,NA,"5-10cm","Qiagen Powersoil Pro","ITS3-ITS4_AND_WANDA-AML2","Kateryna Lavrinenko","Dariia Borovyk",4,3241,-19.5647222975282
"dbsn04","dbsn04_ITS2_S122_R1_001.fastq.gz,dbsn04_ITS2_S122_R2_001.fastq.gz","GCATCGATGAAGAACGCAGC","TCCTCCGCTTATTGATATGC","dbsn04","Ukraine","deciduous_forest","Non-Agricultural","East European forest steppe","True sample","Scripps_run_7",31166,"dbsn04","tp-prylutskyi23","30m",170,"04/09/2023","No","silica gel",NA,NA,NA,"5-10cm","Qiagen Powersoil Pro","ITS3-ITS4_AND_WANDA-AML2","Dariia Borovyk","Kateryna Lavrinenko",41,29490,4.20945145008682
"dbsn05","dbsn05_ITS2_S123_R1_001.fastq.gz,dbsn05_ITS2_S123_R2_001.fastq.gz","GCATCGATGAAGAACGCAGC","TCCTCCGCTTATTGATATGC","dbsn05","Ukraine","floodplain_meadows","Non-Agricultural","East European forest steppe","True sample","Scripps_run_7",5,"dbsn05","tp-prylutskyi23","30m",132,"04/09/2023","No","silica gel",NA,NA,NA,"5-10cm","Qiagen Powersoil Pro","ITS3-ITS4_AND_WANDA-AML2","Kateryna Lavrinenko","Dariia Borovyk",1,4,-20.9337268470741
"dbsn06","dbsn06_ITS2_S124_R1_001.fastq.gz,dbsn06_ITS2_S124_R2_001.fastq.gz","GCATCGATGAAGAACGCAGC","TCCTCCGCTTATTGATATGC","dbsn06","Ukraine","deciduous_forest","Non-Agricultural","East European forest steppe","True sample","Scripps_run_7",63228,"dbsn06","tp-prylutskyi23","30m",211,"04/09/2023","No","silica gel",NA,NA,NA,"5-10cm","Qiagen Powersoil Pro","ITS3-ITS4_AND_WANDA-AML2","Dariia Borovyk","Kateryna Lavrinenko",86,58175,34.7562217632544
"dbsn07","dbsn07_ITS2_S125_R1_001.fastq.gz,dbsn07_ITS2_S125_R2_001.fastq.gz","GCATCGATGAAGAACGCAGC","TCCTCCGCTTATTGATATGC","dbsn07","Ukraine","dry_grassland","Non-Agricultural","East European forest steppe","True sample","Scripps_run_7",371,"dbsn07","tp-prylutskyi23","30m",119,"04/09/2023","No","silica gel",NA,NA,NA,"5-10cm","Qiagen Powersoil Pro","ITS3-ITS4_AND_WANDA-AML2","Kateryna Lavrinenko","Dariia Borovyk",5,371,-17.1186435385528
"dbsn08","dbsn08_ITS2_S126_R1_001.fastq.gz,dbsn08_ITS2_S126_R2_001.fastq.gz","GCATCGATGAAGAACGCAGC","TCCTCCGCTTATTGATATGC","dbsn08","Ukraine","bairak_forest","Non-Agricultural","East European forest steppe","True sample","Scripps_run_7",2157,"dbsn08","tp-prylutskyi23","30m",119,"05/09/2023","No","silica gel",NA,NA,NA,"5-10cm","Qiagen Powersoil Pro","ITS3-ITS4_AND_WANDA-AML2","Kateryna Lavrinenko","Dariia Borovyk",23,2081,0.0197555283991425
"dbsn09","dbsn09_ITS2_S127_R1_001.fastq.gz,dbsn09_ITS2_S127_R2_001.fastq.gz","GCATCGATGAAGAACGCAGC","TCCTCCGCTTATTGATATGC","dbsn09","Ukraine","dry_grassland","Non-Agricultural","Pontic steppe","True sample","Scripps_run_7",51352,"dbsn09","tp-prylutskyi23","30m",99,"05/09/2023","No","silica gel",NA,NA,NA,"5-10cm","Qiagen Powersoil Pro","ITS3-ITS4_AND_WANDA-AML2","Dariia Borovyk","Kateryna Lavrinenko",6,51349,-41.8044285472801
"dbsn10","dbsn10_ITS2_S128_R1_001.fastq.gz,dbsn10_ITS2_S128_R2_001.fastq.gz","GCATCGATGAAGAACGCAGC","TCCTCCGCTTATTGATATGC","dbsn10","Ukraine","floodplain_meadows","Non-Agricultural","Pontic steppe","True sample","Scripps_run_7",4176,"dbsn10","tp-prylutskyi23","30m",83,"05/09/2023","No","silica gel",NA,NA,NA,"5-10cm","Qiagen Powersoil Pro","ITS3-ITS4_AND_WANDA-AML2","Dariia Borovyk","Kateryna Lavrinenko",5,4174,-19.0348238592439
"dbzol01","dbzol01_ITS2_S190_R1_001.fastq.gz,dbzol01_ITS2_S190_R2_001.fastq.gz","GCATCGATGAAGAACGCAGC","TCCTCCGCTTATTGATATGC","dbzol01","Ukraine","floodplain_forest","Non-Agricultural","East European forest steppe","True sample","Scripps_run_7",39267,"dbzol01","tp-prylutskyi23","30m",83,"12/09/2023","No","silica gel",NA,NA,NA,"5-10cm","Qiagen Powersoil Pro","ITS3-ITS4_AND_WANDA-AML2","Kateryna Lavrinenko",NA,43,28048,6.93601785093787
"dbzol02","dbzol02_ITS2_S191_R1_001.fastq.gz,dbzol02_ITS2_S191_R2_001.fastq.gz","GCATCGATGAAGAACGCAGC","TCCTCCGCTTATTGATATGC","dbzol02","Ukraine","pine_forest","Non-Agricultural","East European forest steppe","True sample","Scripps_run_7",6883,"dbzol02","tp-prylutskyi23","30m",96,"12/09/2023","No","silica gel",NA,NA,NA,"5-10cm","Qiagen Powersoil Pro","ITS3-ITS4_AND_WANDA-AML2","Kateryna Lavrinenko",NA,16,6211,-9.06118707598007
"dbzol03","dbzol03_ITS2_S192_R1_001.fastq.gz,dbzol03_ITS2_S192_R2_001.fastq.gz","GCATCGATGAAGAACGCAGC","TCCTCCGCTTATTGATATGC","dbzol03","Ukraine","mixed_forest","Non-Agricultural","East European forest steppe","True sample","Scripps_run_7",4529,"dbzol03","tp-prylutskyi23","30m",101,"12/09/2023","No","silica gel",NA,NA,NA,"5-10cm","Qiagen Powersoil Pro","ITS3-ITS4_AND_WANDA-AML2","Kateryna Lavrinenko",NA,27,4332,2.88556622998326
"dbzol04","dbzol04_ITS2_S33_L001_R1_001.fastq.gz,dbzol04_ITS2_S33_L001_R2_001.fastq.gz","GCATCGATGAAGAACGCAGC","TCCTCCGCTTATTGATATGC","dbzol04","Ukraine","pine_forest","Non-Agricultural","East European forest steppe","True sample","Scripps_run_7",3460,"dbzol04","tp-prylutskyi23","30m",102,"12/09/2023","No","silica gel",NA,NA,NA,"5-10cm","Qiagen Powersoil Pro","ITS3-ITS4_AND_WANDA-AML2","Kateryna Lavrinenko",NA,12,3391,-11.6403013267429
"dbzol05","dbzol05_ITS2_S49_L001_R1_001.fastq.gz,dbzol05_ITS2_S49_L001_R2_001.fastq.gz","GCATCGATGAAGAACGCAGC","TCCTCCGCTTATTGATATGC","dbzol05","Ukraine","floodplain_meadows","Non-Agricultural","East European forest steppe","True sample","Scripps_run_7",236,"dbzol05","tp-prylutskyi23","30m",115,"13/09/2023","No","silica gel",NA,NA,NA,"5-10cm","Qiagen Powersoil Pro","ITS3-ITS4_AND_WANDA-AML2","Kateryna Lavrinenko",NA,4,236,-18.0506224122595
"dbzp01","dbzp01_ITS2_S107_R1_001.fastq.gz,dbzp01_ITS2_S107_R2_001.fastq.gz","GCATCGATGAAGAACGCAGC","TCCTCCGCTTATTGATATGC","dbzp01","Ukraine","floodplain_forest","Non-Agricultural","Pontic steppe","True sample","Scripps_run_7",23987,"dbzp01","tp-prylutskyi23","30m",44,"31/08/2023","No","silica gel",NA,NA,NA,"5-10cm","Qiagen Powersoil Pro","ITS3-ITS4_AND_WANDA-AML2","Dariia Borovyk","Volodymyr Shyriaiev",42,22174,8.89569263498714
"dbzp02","dbzp02_ITS2_S108_R1_001.fastq.gz,dbzp02_ITS2_S108_R2_001.fastq.gz","GCATCGATGAAGAACGCAGC","TCCTCCGCTTATTGATATGC","dbzp02","Ukraine","sandy_grassland","Non-Agricultural","Pontic steppe","True sample","Scripps_run_7",2,"dbzp02","tp-prylutskyi23","30m",19,"31/08/2023","No","silica gel",NA,NA,NA,"5-10cm","Qiagen Powersoil Pro","ITS3-ITS4_AND_WANDA-AML2","Dariia Borovyk","Volodymyr Shyriaiev",1,1,-20.9322152664898
"dbzp03","dbzp03_ITS2_S109_R1_001.fastq.gz,dbzp03_ITS2_S109_R2_001.fastq.gz","GCATCGATGAAGAACGCAGC","TCCTCCGCTTATTGATATGC","dbzp03","Ukraine","floodplain_forest","Non-Agricultural","Pontic steppe","True sample","Scripps_run_7",33511,"dbzp03","tp-prylutskyi23","30m",29,"31/08/2023","No","silica gel",NA,NA,NA,"5-10cm","Qiagen Powersoil Pro","ITS3-ITS4_AND_WANDA-AML2","Dariia Borovyk","Volodymyr Shyriaiev",78,32657,39.6137262132662
"dbzp04","dbzp04_ITS2_S110_R1_001.fastq.gz,dbzp04_ITS2_S110_R2_001.fastq.gz","GCATCGATGAAGAACGCAGC","TCCTCCGCTTATTGATATGC","dbzp04","Ukraine","dry_grassland","Non-Agricultural","Pontic steppe","True sample","Scripps_run_7",66,"dbzp04","tp-prylutskyi23","30m",25,"31/08/2023","No","silica gel",NA,NA,NA,"5-10cm","Qiagen Powersoil Pro","ITS3-ITS4_AND_WANDA-AML2","Dariia Borovyk","Volodymyr Shyriaiev",3,65,-18.9644623189547
"dbzp05","dbzp05_ITS2_S111_R1_001.fastq.gz,dbzp05_ITS2_S111_R2_001.fastq.gz","GCATCGATGAAGAACGCAGC","TCCTCCGCTTATTGATATGC","dbzp05","Ukraine","floodplain_forest","Non-Agricultural","Pontic steppe","True sample","Scripps_run_7",12465,"dbzp05","tp-prylutskyi23","30m",29,"01/09/2023","No","silica gel",NA,NA,NA,"5-10cm","Qiagen Powersoil Pro","ITS3-ITS4_AND_WANDA-AML2","Dariia Borovyk",NA,17,12448,-11.203763110729
"dbzp06","dbzp06_ITS2_S112_R1_001.fastq.gz,dbzp06_ITS2_S112_R2_001.fastq.gz","GCATCGATGAAGAACGCAGC","TCCTCCGCTTATTGATATGC","dbzp06","Ukraine","dry_grassland","Non-Agricultural","Pontic steppe","True sample","Scripps_run_7",400,"dbzp06","tp-prylutskyi23","30m",45,"01/09/2023","No","silica gel",NA,NA,NA,"5-10cm","Qiagen Powersoil Pro","ITS3-ITS4_AND_WANDA-AML2","Dariia Borovyk",NA,4,400,-18.133255484201
"dbzp07","dbzp07_ITS2_S113_R1_001.fastq.gz,dbzp07_ITS2_S113_R2_001.fastq.gz","GCATCGATGAAGAACGCAGC","TCCTCCGCTTATTGATATGC","dbzp07","Ukraine","dry_grassland","Non-Agricultural","Pontic steppe","True sample","Scripps_run_7",9,"dbzp07","tp-prylutskyi23","30m",38,"01/09/2023","No","silica gel",NA,NA,NA,"5-10cm","Qiagen Powersoil Pro","ITS3-ITS4_AND_WANDA-AML2","Dariia Borovyk",NA,1,4,-20.9337268470741
"dbzp09","dbzp09_ITS2_S115_R1_001.fastq.gz,dbzp09_ITS2_S115_R2_001.fastq.gz","GCATCGATGAAGAACGCAGC","TCCTCCGCTTATTGATATGC","dbzp09","Ukraine","floodplain_forest","Non-Agricultural","Pontic steppe","True sample","Scripps_run_7",78985,"dbzp09","tp-prylutskyi23","30m",32,"02/09/2023","No","silica gel",NA,NA,NA,"5-10cm","Qiagen Powersoil Pro","ITS3-ITS4_AND_WANDA-AML2","Dariia Borovyk","Volodymyr Shyriaiev",47,25195,12.3735309866023
"dbzp10","dbzp10_ITS2_S116_R1_001.fastq.gz,dbzp10_ITS2_S116_R2_001.fastq.gz","GCATCGATGAAGAACGCAGC","TCCTCCGCTTATTGATATGC","dbzp10","Ukraine","sandy_grassland","Non-Agricultural","Pontic steppe","True sample","Scripps_run_7",0,"dbzp10","tp-prylutskyi23","30m",18,"02/09/2023","No","silica gel",NA,NA,NA,"5-10cm","Qiagen Powersoil Pro","ITS3-ITS4_AND_WANDA-AML2","Dariia Borovyk","Volodymyr Shyriaiev",0,0,-21.931711406295
"dbzp11","dbzp11_ITS2_S117_R1_001.fastq.gz,dbzp11_ITS2_S117_R2_001.fastq.gz","GCATCGATGAAGAACGCAGC","TCCTCCGCTTATTGATATGC","dbzp11","Ukraine","bairak_forest","Non-Agricultural","Pontic steppe","True sample","Scripps_run_7",2016,"dbzp11","tp-prylutskyi23","30m",49,"02/09/2023","No","silica gel",NA,NA,NA,"5-10cm","Qiagen Powersoil Pro","ITS3-ITS4_AND_WANDA-AML2","Dariia Borovyk",NA,13,1969,-9.92381212978718
"dbzp12","dbzp12_ITS2_S118_R1_001.fastq.gz,dbzp12_ITS2_S118_R2_001.fastq.gz","GCATCGATGAAGAACGCAGC","TCCTCCGCTTATTGATATGC","dbzp12","Ukraine","bairak_forest","Non-Agricultural","Pontic steppe","True sample","Scripps_run_7",18917,"dbzp12","tp-prylutskyi23","30m",36,"02/09/2023","No","silica gel",NA,NA,NA,"5-10cm","Qiagen Powersoil Pro","ITS3-ITS4_AND_WANDA-AML2","Dariia Borovyk",NA,41,17639,10.1806986182462
"iviv_1","iviv_1_ITS2_S142_R1_001.fastq.gz,iviv_1_ITS2_S142_R2_001.fastq.gz","GCATCGATGAAGAACGCAGC","TCCTCCGCTTATTGATATGC","iviv_1","Ukraine","deciduous_wood_pasture","Non-Agricultural","Central European mixed forests","True sample","Scripps_run_7",116087,"iviv_1","tp-prylutskyi23","30m",164,"06/09/2023","No","silica gel",NA,NA,NA,"5-10cm","Qiagen Powersoil Pro","ITS3-ITS4_AND_WANDA-AML2","Nadiia Skobel","Velychko",57,94955,-12.7757562002002
"iviv_2","iviv_2_ITS2_S143_R1_001.fastq.gz,iviv_2_ITS2_S143_R2_001.fastq.gz","GCATCGATGAAGAACGCAGC","TCCTCCGCTTATTGATATGC","iviv_2","Ukraine","mesic_grassland","Non-Agricultural","Central European mixed forests","True sample","Scripps_run_7",5288,"iviv_2","tp-prylutskyi23","30m",172,"06/09/2023","No","silica gel",NA,NA,NA,"5-10cm","Qiagen Powersoil Pro","ITS3-ITS4_AND_WANDA-AML2","Nadiia Skobel","Velychko",7,5288,-17.596124116212
"iviv_3","iviv_3_ITS2_S144_R1_001.fastq.gz,iviv_3_ITS2_S144_R2_001.fastq.gz","GCATCGATGAAGAACGCAGC","TCCTCCGCTTATTGATATGC","iviv_3","Ukraine","mesic_grassland","Non-Agricultural","Central European mixed forests","True sample","Scripps_run_7",159,"iviv_3","tp-prylutskyi23","30m",163,"06/09/2023","No","silica gel",NA,NA,NA,"5-10cm","Qiagen Powersoil Pro","ITS3-ITS4_AND_WANDA-AML2","Nadiia Skobel","Shepeleva",6,159,-16.0118251772626
"iviv_b1","iviv_b1_ITS2_S67_L001_R1_001.fastq.gz,iviv_b1_ITS2_S67_L001_R2_001.fastq.gz","GCATCGATGAAGAACGCAGC","TCCTCCGCTTATTGATATGC","iviv_b1","Ukraine","dry_grassland","Non-Agricultural","Pontic steppe","True sample","Scripps_run_7",2,"iviv_b1","tp-prylutskyi23","30m",90,"18/10/2023","No","silica gel",NA,NA,NA,"5-10cm","Qiagen Powersoil Pro","ITS3-ITS4_AND_WANDA-AML2","Ivan Moisiyenko","Chusova O, Kuzemko A., Khodosovtsev O.",2,2,-19.9327191266845
"iviv_kakh","iviv_kakh_ITS2_S99_L001_R1_001.fastq.gz,iviv_kakh_ITS2_S99_L001_R2_001.fastq.gz","GCATCGATGAAGAACGCAGC","TCCTCCGCTTATTGATATGC","iviv_kakh","Ukraine","shrubland","Non-Agricultural","Pontic steppe","True sample","Scripps_run_7",10,"iviv_kakh","tp-prylutskyi23","30m",16,"19/10/2023","No","silica gel",NA,NA,NA,"5-10cm","Qiagen Powersoil Pro","ITS3-ITS4_AND_WANDA-AML2","Ivan Moisiyenko","Chusova O, Kuzemko A., Khodosovtsev O.",2,4,-19.9337268470741
"iviv_mx1","iviv_mx1_ITS2_S83_L001_R1_001.fastq.gz,iviv_mx1_ITS2_S83_L001_R2_001.fastq.gz","GCATCGATGAAGAACGCAGC","TCCTCCGCTTATTGATATGC","iviv_mx1","Ukraine","deciduous_forest","Non-Agricultural","Central European mixed forests","True sample","Scripps_run_7",23799,"iviv_mx1","tp-prylutskyi23","30m",237,"17/10/2023","No","silica gel",NA,NA,NA,"5-10cm","Qiagen Powersoil Pro","ITS3-ITS4_AND_WANDA-AML2","Ivan Moisiyenko","Chusova O, Kuzemko A., Khodosovtsev O.",32,10194,4.93193776827116
"iviv_oc1","iviv_oc1_ITS2_S115_L001_R1_001.fastq.gz,iviv_oc1_ITS2_S115_L001_R2_001.fastq.gz","GCATCGATGAAGAACGCAGC","TCCTCCGCTTATTGATATGC","iviv_oc1","Ukraine","dry_grassland","Non-Agricultural","Pontic steppe","True sample","Scripps_run_7",1021,"iviv_oc1","tp-prylutskyi23","30m",37,"20/10/2023","No","silica gel",NA,NA,NA,"5-10cm","Qiagen Powersoil Pro","ITS3-ITS4_AND_WANDA-AML2","Ivan Moisiyenko","Nadiia Skobel",3,1021,-19.44615266515
"iviv_oc2","iviv_oc2_ITS2_S131_L001_R1_001.fastq.gz,iviv_oc2_ITS2_S131_L001_R2_001.fastq.gz","GCATCGATGAAGAACGCAGC","TCCTCCGCTTATTGATATGC","iviv_oc2","Ukraine","dry_grassland","Non-Agricultural","Pontic steppe","True sample","Scripps_run_7",385,"iviv_oc2","tp-prylutskyi23","30m",25,"23/10/2023","No","silica gel",NA,NA,NA,"5-10cm","Qiagen Powersoil Pro","ITS3-ITS4_AND_WANDA-AML2","Ivan Moisiyenko","Skobel N, Kalashnyk K.",7,383,-15.12468986089
"mazyk_10","mazyk_10_ITS2_S55_L001_R1_001.fastq.gz,mazyk_10_ITS2_S55_L001_R2_001.fastq.gz","GCATCGATGAAGAACGCAGC","TCCTCCGCTTATTGATATGC","mazyk_10","Ukraine","coniferous_forest","Non-Agricultural","Central European mixed forests","True sample","Scripps_run_7",6227,"mazyk_10","tp-prylutskyi23","30m",147,"23/09/2023","No","silica gel",NA,NA,NA,"5-10cm","Qiagen Powersoil Pro","ITS3-ITS4_AND_WANDA-AML2","Mariia Zykova",NA,25,6172,-0.0415365283842387
"mazyk_11","mazyk_11_ITS2_S71_L001_R1_001.fastq.gz,mazyk_11_ITS2_S71_L001_R2_001.fastq.gz","GCATCGATGAAGAACGCAGC","TCCTCCGCTTATTGATATGC","mazyk_11","Ukraine","mixed_forest","Non-Agricultural","Central European mixed forests","True sample","Scripps_run_7",57389,"mazyk_11","tp-prylutskyi23","30m",164,"23/09/2023","No","silica gel",NA,NA,NA,"5-10cm","Qiagen Powersoil Pro","ITS3-ITS4_AND_WANDA-AML2","Mariia Zykova",NA,37,54707,-12.4963910813007
"mazyk_12","mazyk_12_ITS2_S87_L001_R1_001.fastq.gz,mazyk_12_ITS2_S87_L001_R2_001.fastq.gz","GCATCGATGAAGAACGCAGC","TCCTCCGCTTATTGATATGC","mazyk_12","Ukraine","mixed_forest","Non-Agricultural","Central European mixed forests","True sample","Scripps_run_7",36016,"mazyk_12","tp-prylutskyi23","30m",163,"23/09/2023","No","silica gel",NA,NA,NA,"5-10cm","Qiagen Powersoil Pro","ITS3-ITS4_AND_WANDA-AML2","Mariia Zykova",NA,38,22222,4.87150734563843
"mazyk_13","mazyk_13_ITS2_S103_L001_R1_001.fastq.gz,mazyk_13_ITS2_S103_L001_R2_001.fastq.gz","GCATCGATGAAGAACGCAGC","TCCTCCGCTTATTGATATGC","mazyk_13","Ukraine","mixed_forest","Non-Agricultural","Central European mixed forests","True sample","Scripps_run_7",116173,"mazyk_13","tp-prylutskyi23","30m",158,"23/09/2023","No","silica gel",NA,NA,NA,"5-10cm","Qiagen Powersoil Pro","ITS3-ITS4_AND_WANDA-AML2","Mariia Zykova",NA,72,67944,15.8340115205957
"mazyk_14","mazyk_14_ITS2_S119_L001_R1_001.fastq.gz,mazyk_14_ITS2_S119_L001_R2_001.fastq.gz","GCATCGATGAAGAACGCAGC","TCCTCCGCTTATTGATATGC","mazyk_14","Ukraine","mixed_forest","Non-Agricultural","Central European mixed forests","True sample","Scripps_run_7",9591,"mazyk_14","tp-prylutskyi23","30m",187,"23/09/2023","No","silica gel",NA,NA,NA,"5-10cm","Qiagen Powersoil Pro","ITS3-ITS4_AND_WANDA-AML2","Mariia Zykova",NA,39,6121,13.9841603415488
"mazyk_1","mazyk_1_ITS2_S101_L001_R1_001.fastq.gz,mazyk_1_ITS2_S101_L001_R2_001.fastq.gz","GCATCGATGAAGAACGCAGC","TCCTCCGCTTATTGATATGC","mazyk_1","Ukraine","coniferous_forest","Non-Agricultural","Central European mixed forests","True sample","Scripps_run_7",1775,"mazyk_1","tp-prylutskyi23","30m",147,"23/09/2023","No","silica gel",NA,NA,NA,"5-10cm","Qiagen Powersoil Pro","ITS3-ITS4_AND_WANDA-AML2","Mariia Zykova",NA,25,1154,2.48683392894625
"mazyk_2","mazyk_2_ITS2_S117_L001_R1_001.fastq.gz,mazyk_2_ITS2_S117_L001_R2_001.fastq.gz","GCATCGATGAAGAACGCAGC","TCCTCCGCTTATTGATATGC","mazyk_2","Ukraine","deciduous_forest","Non-Agricultural","Central European mixed forests","True sample","Scripps_run_7",8582,"mazyk_2","tp-prylutskyi23","30m",203,"27/09/2023","No","silica gel",NA,NA,NA,"5-10cm","Qiagen Powersoil Pro","ITS3-ITS4_AND_WANDA-AML2","Mariia Zykova","Mariia Zinchenko",61,5470,36.3121733283407
"mazyk_3","mazyk_3_ITS2_S133_L001_R1_001.fastq.gz,mazyk_3_ITS2_S133_L001_R2_001.fastq.gz","GCATCGATGAAGAACGCAGC","TCCTCCGCTTATTGATATGC","mazyk_3","Ukraine","coniferous_forest","Non-Agricultural","Central European mixed forests","True sample","Scripps_run_7",9513,"mazyk_3","tp-prylutskyi23","30m",194,"27/09/2023","No","silica gel",NA,NA,NA,"5-10cm","Qiagen Powersoil Pro","ITS3-ITS4_AND_WANDA-AML2","Mariia Zykova","Mariia Zinchenko",49,7214,23.4334411486707
"mazyk_4","mazyk_4_ITS2_S149_L001_R1_001.fastq.gz,mazyk_4_ITS2_S149_L001_R2_001.fastq.gz","GCATCGATGAAGAACGCAGC","TCCTCCGCTTATTGATATGC","mazyk_4","Ukraine","deciduous_forest","Non-Agricultural","Central European mixed forests","True sample","Scripps_run_7",37600,"mazyk_4","tp-prylutskyi23","30m",200,"27/09/2023","No","silica gel",NA,NA,NA,"5-10cm","Qiagen Powersoil Pro","ITS3-ITS4_AND_WANDA-AML2","Mariia Zykova","Mariia Zinchenko",48,35845,8.00741991235561
"mazyk_5","mazyk_5_ITS2_S165_L001_R1_001.fastq.gz,mazyk_5_ITS2_S165_L001_R2_001.fastq.gz","GCATCGATGAAGAACGCAGC","TCCTCCGCTTATTGATATGC","mazyk_5","Ukraine","coniferous_forest","Non-Agricultural","Central European mixed forests","True sample","Scripps_run_7",41390,"mazyk_5","tp-prylutskyi23","30m",202,"27/09/2023","No","silica gel",NA,NA,NA,"5-10cm","Qiagen Powersoil Pro","ITS3-ITS4_AND_WANDA-AML2","Mariia Zykova","Mariia Zinchenko",39,23970,4.9907597251893
"mazyk_6","mazyk_6_ITS2_S181_L001_R1_001.fastq.gz,mazyk_6_ITS2_S181_L001_R2_001.fastq.gz","GCATCGATGAAGAACGCAGC","TCCTCCGCTTATTGATATGC","mazyk_6","Ukraine","mesic_grassland","Non-Agricultural","Central European mixed forests","True sample","Scripps_run_7",833,"mazyk_6","tp-prylutskyi23","30m",185,"27/09/2023","No","silica gel",NA,NA,NA,"5-10cm","Qiagen Powersoil Pro","ITS3-ITS4_AND_WANDA-AML2","Mariia Zykova","Mariia Zinchenko",12,833,-10.3514269485342
"mazyk_7","mazyk_7_ITS2_S7_L001_R1_001.fastq.gz,mazyk_7_ITS2_S7_L001_R2_001.fastq.gz","GCATCGATGAAGAACGCAGC","TCCTCCGCTTATTGATATGC","mazyk_7","Ukraine","deciduous_forest","Non-Agricultural","Central European mixed forests","True sample","Scripps_run_7",78142,"mazyk_7","tp-prylutskyi23","30m",231,"28/09/2023","No","silica gel",NA,NA,NA,"5-10cm","Qiagen Powersoil Pro","ITS3-ITS4_AND_WANDA-AML2","Mariia Zykova","Mariia Zinchenko",56,66972,0.323763629907225
"mazyk_8","mazyk_8_ITS2_S23_L001_R1_001.fastq.gz,mazyk_8_ITS2_S23_L001_R2_001.fastq.gz","GCATCGATGAAGAACGCAGC","TCCTCCGCTTATTGATATGC","mazyk_8","Ukraine","deciduous_forest","Non-Agricultural","Central European mixed forests","True sample","Scripps_run_7",219865,"mazyk_8","tp-prylutskyi23","30m",248,"28/09/2023","No","silica gel",NA,NA,NA,"5-10cm","Qiagen Powersoil Pro","ITS3-ITS4_AND_WANDA-AML2","Mariia Zykova","Mariia Zinchenko",91,208863,-36.1694632654853
"mazyk_9","mazyk_9_ITS2_S39_L001_R1_001.fastq.gz,mazyk_9_ITS2_S39_L001_R2_001.fastq.gz","GCATCGATGAAGAACGCAGC","TCCTCCGCTTATTGATATGC","mazyk_9","Ukraine","deciduous_forest","Non-Agricultural","Central European mixed forests","True sample","Scripps_run_7",233976,"mazyk_9","tp-prylutskyi23","30m",255,"28/09/2023","No","silica gel",NA,NA,NA,"5-10cm","Qiagen Powersoil Pro","ITS3-ITS4_AND_WANDA-AML2","Mariia Zykova","Mariia Zinchenko",111,203186,-13.3090489398047
"mykpr_1","mykpr_1_ITS2_S21_L001_R1_001.fastq.gz,mykpr_1_ITS2_S21_L001_R2_001.fastq.gz","GCATCGATGAAGAACGCAGC","TCCTCCGCTTATTGATATGC","mykpr_1","Ukraine","mixed_forest","Non-Agricultural","Central European mixed forests","True sample","Scripps_run_7",115496,"mykpr_1","tp-prylutskyi23","30m",160,"14/10/2023","No","silica gel",NA,NA,NA,"5-10cm","Qiagen Powersoil Pro","ITS3-ITS4_AND_WANDA-AML2","Mykola Prydiuk",NA,66,95855,-4.22923037548862
"mykpr_2","mykpr_2_ITS2_S37_L001_R1_001.fastq.gz,mykpr_2_ITS2_S37_L001_R2_001.fastq.gz","GCATCGATGAAGAACGCAGC","TCCTCCGCTTATTGATATGC","mykpr_2","Ukraine","mixed_forest","Non-Agricultural","Central European mixed forests","True sample","Scripps_run_7",56359,"mykpr_2","tp-prylutskyi23","30m",180,"14/10/2023","No","silica gel",NA,NA,NA,"5-10cm","Qiagen Powersoil Pro","ITS3-ITS4_AND_WANDA-AML2","Mykola Prydiuk",NA,31,40710,-11.4438599351758
"mykpr_3","mykpr_3_ITS2_S53_L001_R1_001.fastq.gz,mykpr_3_ITS2_S53_L001_R2_001.fastq.gz","GCATCGATGAAGAACGCAGC","TCCTCCGCTTATTGATATGC","mykpr_3","Ukraine","mixed_forest","Non-Agricultural","Central European mixed forests","True sample","Scripps_run_7",63794,"mykpr_3","tp-prylutskyi23","30m",182,"14/10/2023","No","silica gel",NA,NA,NA,"5-10cm","Qiagen Powersoil Pro","ITS3-ITS4_AND_WANDA-AML2","Mykola Prydiuk",NA,48,56906,-2.60437964958886
"natbr_1","natbr_1_ITS2_S86_R1_001.fastq.gz,natbr_1_ITS2_S86_R2_001.fastq.gz","GCATCGATGAAGAACGCAGC","TCCTCCGCTTATTGATATGC","natbr_1","Ukraine","salt_grassland","Non-Agricultural","Pontic steppe","True sample","Scripps_run_7",4,"natbr_1","tp-prylutskyi23","30m",-1,"25/08/2023","No","silica gel",NA,NA,NA,"5-10cm","Qiagen Powersoil Pro","ITS3-ITS4_AND_WANDA-AML2","Nataliia Brusentrsova","O. Bronskov",1,4,-20.9337268470741
"natbr_2","natbr_2_ITS2_S87_R1_001.fastq.gz,natbr_2_ITS2_S87_R2_001.fastq.gz","GCATCGATGAAGAACGCAGC","TCCTCCGCTTATTGATATGC","natbr_2","Ukraine","salt_grassland","Non-Agricultural","Pontic steppe","True sample","Scripps_run_7",121437,"natbr_2","tp-prylutskyi23","30m",-1,"25/08/2023","No","silica gel",NA,NA,NA,"5-10cm","Qiagen Powersoil Pro","ITS3-ITS4_AND_WANDA-AML2","Nataliia Brusentrsova","O. Bronskov",41,78548,-20.5089219846918
"natbr_3","natbr_3_ITS2_S88_R1_001.fastq.gz,natbr_3_ITS2_S88_R2_001.fastq.gz","GCATCGATGAAGAACGCAGC","TCCTCCGCTTATTGATATGC","natbr_3","Ukraine","deciduous_forest","Non-Agricultural","Pontic steppe","True sample","Scripps_run_7",339,"natbr_3","tp-prylutskyi23","30m",20,"26/08/2023","No","silica gel",NA,NA,NA,"5-10cm","Qiagen Powersoil Pro","ITS3-ITS4_AND_WANDA-AML2","Nataliia Brusentrsova","O. Bronskov",4,54,-17.9589198568123
"natbr_4","natbr_4_ITS2_S89_R1_001.fastq.gz,natbr_4_ITS2_S89_R2_001.fastq.gz","GCATCGATGAAGAACGCAGC","TCCTCCGCTTATTGATATGC","natbr_4","Ukraine","deciduous_forest","Non-Agricultural","Pontic steppe","True sample","Scripps_run_7",5003,"natbr_4","tp-prylutskyi23","30m",13,"26/08/2023","No","silica gel",NA,NA,NA,"5-10cm","Qiagen Powersoil Pro","ITS3-ITS4_AND_WANDA-AML2","Nataliia Brusentrsova","O. Bronskov",3,5003,-21.452523960704
"natbr_5","natbr_5_ITS2_S90_R1_001.fastq.gz,natbr_5_ITS2_S90_R2_001.fastq.gz","GCATCGATGAAGAACGCAGC","TCCTCCGCTTATTGATATGC","natbr_5","Ukraine","dry_grassland","Non-Agricultural","Pontic steppe","True sample","Scripps_run_7",178426,"natbr_5","tp-prylutskyi23","30m",10,"26/08/2023","No","silica gel",NA,NA,NA,"5-10cm","Qiagen Powersoil Pro","ITS3-ITS4_AND_WANDA-AML2","Nataliia Brusentrsova","O. Bronskov",47,167025,-59.0889604369096
"natbr_6","natbr_6_ITS2_S91_R1_001.fastq.gz,natbr_6_ITS2_S91_R2_001.fastq.gz","GCATCGATGAAGAACGCAGC","TCCTCCGCTTATTGATATGC","natbr_6","Ukraine","dry_grassland","Non-Agricultural","Pontic steppe","True sample","Scripps_run_7",4886,"natbr_6","tp-prylutskyi23","30m",7,"26/08/2023","No","silica gel",NA,56.116,"denovix","5-10cm","Qiagen Powersoil Pro","ITS3-ITS4_AND_WANDA-AML2","Nataliia Brusentrsova","O. Bronskov",6,4886,-18.3935723179165
"natbr_7","natbr_7_ITS2_S168_R1_001.fastq.gz,natbr_7_ITS2_S168_R2_001.fastq.gz","GCATCGATGAAGAACGCAGC","TCCTCCGCTTATTGATATGC","natbr_7","Ukraine","deciduous_forest","Non-Agricultural","Pontic steppe","True sample","Scripps_run_7",5,"natbr_7","tp-prylutskyi23","30m",4,"21/09/2023","No","silica gel",NA,NA,NA,"5-10cm","Qiagen Powersoil Pro","ITS3-ITS4_AND_WANDA-AML2","Natalia Brusentsova",NA,2,5,-19.9342307072688
"natbr_8","natbr_8_ITS2_S169_R1_001.fastq.gz,natbr_8_ITS2_S169_R2_001.fastq.gz","GCATCGATGAAGAACGCAGC","TCCTCCGCTTATTGATATGC","natbr_8","Ukraine","salt_grassland","Non-Agricultural","Pontic steppe","True sample","Scripps_run_7",1714,"natbr_8","tp-prylutskyi23","30m",-6,"21/09/2023","No","silica gel",NA,NA,NA,"5-10cm","Qiagen Powersoil Pro","ITS3-ITS4_AND_WANDA-AML2","Natalia Brusentsova",NA,5,1709,-17.7928084791483
"natbr_9","natbr_9_ITS2_S179_R1_001.fastq.gz,natbr_9_ITS2_S179_R2_001.fastq.gz","GCATCGATGAAGAACGCAGC","TCCTCCGCTTATTGATATGC","natbr_9","Ukraine","dry_grassland","Non-Agricultural","Pontic steppe","True sample","Scripps_run_7",579,"natbr_9","tp-prylutskyi23","30m",59,"21/09/2023","No","silica gel",NA,NA,NA,"5-10cm","Qiagen Powersoil Pro","ITS3-ITS4_AND_WANDA-AML2","Natalia Brusentsova",NA,7,578,-15.2229425988691
"natbr_ts1","natbr_ts1_ITS2_S180_R1_001.fastq.gz,natbr_ts1_ITS2_S180_R2_001.fastq.gz","GCATCGATGAAGAACGCAGC","TCCTCCGCTTATTGATATGC","natbr_ts1","Ukraine","dry_grassland","Non-Agricultural","Pontic steppe","True sample","Scripps_run_7",621,"natbr_ts1","tp-prylutskyi23","30m",126,"25/09/2023","No","silica gel",NA,NA,NA,"5-10cm","Qiagen Powersoil Pro","ITS3-ITS4_AND_WANDA-AML2","Yakovlev M.V.","Haidash O.M., Rula O.M.",3,621,-19.244608587244
"natbr_ts2","natbr_ts2_ITS2_S181_R1_001.fastq.gz,natbr_ts2_ITS2_S181_R2_001.fastq.gz","GCATCGATGAAGAACGCAGC","TCCTCCGCTTATTGATATGC","natbr_ts2","Ukraine","dry_grassland","Non-Agricultural","Pontic steppe","True sample","Scripps_run_7",15,"natbr_ts2","tp-prylutskyi23","30m",150,"26/09/2023","No","silica gel",NA,NA,NA,"5-10cm","Qiagen Powersoil Pro","ITS3-ITS4_AND_WANDA-AML2","Yakovlev M.V.","Haidash O.M., Rula O.M.",2,13,-19.938261588827
"omis_10","omis_10_ITS2_S103_R1_001.fastq.gz,omis_10_ITS2_S103_R2_001.fastq.gz","GCATCGATGAAGAACGCAGC","TCCTCCGCTTATTGATATGC","omis_10","Ukraine","deciduous_forest","Non-Agricultural","East European forest steppe","True sample","Scripps_run_7",62588,"omis_10","tp-prylutskyi23","30m",141,"30/09/2023","No","silica gel",NA,NA,NA,"5-10cm","Qiagen Powersoil Pro","ITS3-ITS4_AND_WANDA-AML2","Olena Miskova",NA,26,60076,-26.2016164669937
"omis_11","omis_11_ITS2_S104_R1_001.fastq.gz,omis_11_ITS2_S104_R2_001.fastq.gz","GCATCGATGAAGAACGCAGC","TCCTCCGCTTATTGATATGC","omis_11","Ukraine","coniferous_forest","Non-Agricultural","East European forest steppe","True sample","Scripps_run_7",16338,"omis_11","tp-prylutskyi23","30m",124,"30/09/2023","No","silica gel",NA,NA,NA,"5-10cm","Qiagen Powersoil Pro","ITS3-ITS4_AND_WANDA-AML2","Olena Miskova",NA,49,15312,19.3531812914642
"omis_12","omis_12_ITS2_S105_R1_001.fastq.gz,omis_12_ITS2_S105_R2_001.fastq.gz","GCATCGATGAAGAACGCAGC","TCCTCCGCTTATTGATATGC","omis_12","Ukraine","mixed_forest","Non-Agricultural","East European forest steppe","True sample","Scripps_run_7",46934,"omis_12","tp-prylutskyi23","30m",144,"30/09/2023","No","silica gel",NA,NA,NA,"5-10cm","Qiagen Powersoil Pro","ITS3-ITS4_AND_WANDA-AML2","Olena Miskova",NA,23,42020,-20.1039167903179
"omis_13","omis_13_ITS2_S106_R1_001.fastq.gz,omis_13_ITS2_S106_R2_001.fastq.gz","GCATCGATGAAGAACGCAGC","TCCTCCGCTTATTGATATGC","omis_13","Ukraine","coniferous_forest","Non-Agricultural","East European forest steppe","True sample","Scripps_run_7",12353,"omis_13","tp-prylutskyi23","30m",131,"30/09/2023","No","silica gel",NA,NA,NA,"5-10cm","Qiagen Powersoil Pro","ITS3-ITS4_AND_WANDA-AML2","Olena Miskova",NA,47,11403,19.3227707928003
"omis_1","omis_1_ITS2_S94_R1_001.fastq.gz,omis_1_ITS2_S94_R2_001.fastq.gz","GCATCGATGAAGAACGCAGC","TCCTCCGCTTATTGATATGC","omis_1","Ukraine","dry_grassland","Non-Agricultural","East European forest steppe","True sample","Scripps_run_7",3,"omis_1","tp-prylutskyi23","30m",149,"23/08/2023","No","silica gel",NA,NA,NA,"5-10cm","Qiagen Powersoil Pro","ITS3-ITS4_AND_WANDA-AML2","Olena Miskova",NA,3,3,-18.9332229868793
"omis_2","omis_2_ITS2_S95_R1_001.fastq.gz,omis_2_ITS2_S95_R2_001.fastq.gz","GCATCGATGAAGAACGCAGC","TCCTCCGCTTATTGATATGC","omis_2","Ukraine","deciduous_forest","Non-Agricultural","East European forest steppe","True sample","Scripps_run_7",7268,"omis_2","tp-prylutskyi23","30m",197,"24/08/2023","No","silica gel",NA,NA,NA,"5-10cm","Qiagen Powersoil Pro","ITS3-ITS4_AND_WANDA-AML2","Olena Miskova",NA,17,1407,-5.64064270032929
"omis_3","omis_3_ITS2_S96_R1_001.fastq.gz,omis_3_ITS2_S96_R2_001.fastq.gz","GCATCGATGAAGAACGCAGC","TCCTCCGCTTATTGATATGC","omis_3","Ukraine","dry_grassland","Non-Agricultural","East European forest steppe","True sample","Scripps_run_7",319,"omis_3","tp-prylutskyi23","30m",157,"24/08/2023","No","silica gel",NA,NA,NA,"5-10cm","Qiagen Powersoil Pro","ITS3-ITS4_AND_WANDA-AML2","Olena Miskova",NA,3,319,-19.092442808425
"omis_4","omis_4_ITS2_S97_R1_001.fastq.gz,omis_4_ITS2_S97_R2_001.fastq.gz","GCATCGATGAAGAACGCAGC","TCCTCCGCTTATTGATATGC","omis_4","Ukraine","mesic_grassland","Non-Agricultural","East European forest steppe","True sample","Scripps_run_7",855,"omis_4","tp-prylutskyi23","30m",132,"24/08/2023","No","silica gel",NA,NA,NA,"5-10cm","Qiagen Powersoil Pro","ITS3-ITS4_AND_WANDA-AML2","Olena Miskova",NA,4,844,-18.3569694106766
"omis_5","omis_5_ITS2_S98_R1_001.fastq.gz,omis_5_ITS2_S98_R2_001.fastq.gz","GCATCGATGAAGAACGCAGC","TCCTCCGCTTATTGATATGC","omis_5","Ukraine","deciduous_forest","Non-Agricultural","East European forest steppe","True sample","Scripps_run_7",21571,"omis_5","tp-prylutskyi23","30m",137,"25/08/2023","No","silica gel",NA,NA,NA,"5-10cm","Qiagen Powersoil Pro","ITS3-ITS4_AND_WANDA-AML2","Olena Miskova",NA,74,20272,41.8540347254301
"omis_6","omis_6_ITS2_S99_R1_001.fastq.gz,omis_6_ITS2_S99_R2_001.fastq.gz","GCATCGATGAAGAACGCAGC","TCCTCCGCTTATTGATATGC","omis_6","Ukraine","coniferous_forest","Non-Agricultural","East European forest steppe","True sample","Scripps_run_7",5902,"omis_6","tp-prylutskyi23","30m",144,"25/08/2023","No","silica gel",NA,NA,NA,"5-10cm","Qiagen Powersoil Pro","ITS3-ITS4_AND_WANDA-AML2","Olena Miskova",NA,17,5886,-7.89743251268147
"omis_7","omis_7_ITS2_S100_R1_001.fastq.gz,omis_7_ITS2_S100_R2_001.fastq.gz","GCATCGATGAAGAACGCAGC","TCCTCCGCTTATTGATATGC","omis_7","Ukraine","mesic_grassland","Non-Agricultural","East European forest steppe","True sample","Scripps_run_7",118,"omis_7","tp-prylutskyi23","30m",123,"25/08/2023","No","silica gel",NA,14.136,"denovix","5-10cm","Qiagen Powersoil Pro","ITS3-ITS4_AND_WANDA-AML2","Olena Miskova",NA,11,108,-10.9861283073296
"omis_8","omis_8_ITS2_S101_R1_001.fastq.gz,omis_8_ITS2_S101_R2_001.fastq.gz","GCATCGATGAAGAACGCAGC","TCCTCCGCTTATTGATATGC","omis_8","Ukraine","deciduous_forest","Non-Agricultural","East European forest steppe","True sample","Scripps_run_7",53616,"omis_8","tp-prylutskyi23","30m",156,"31/08/2023","No","silica gel",NA,NA,NA,"5-10cm","Qiagen Powersoil Pro","ITS3-ITS4_AND_WANDA-AML2","Olena Miskova",NA,95,42579,51.6144253608085
"omis_9","omis_9_ITS2_S102_R1_001.fastq.gz,omis_9_ITS2_S102_R2_001.fastq.gz","GCATCGATGAAGAACGCAGC","TCCTCCGCTTATTGATATGC","omis_9","Ukraine","mixed_forest","Non-Agricultural","East European forest steppe","True sample","Scripps_run_7",1407,"omis_9","tp-prylutskyi23","30m",153,"31/08/2023","No","silica gel",NA,NA,NA,"5-10cm","Qiagen Powersoil Pro","ITS3-ITS4_AND_WANDA-AML2","Olena Miskova",NA,19,1402,-3.63812339935546
"op_1","op_1_ITS2_S27_R1_001.fastq.gz,op_1_ITS2_S27_R2_001.fastq.gz","GCATCGATGAAGAACGCAGC","TCCTCCGCTTATTGATATGC","op_1","Ukraine","deciduous_forest","Non-Agricultural","Carpathian montane forests","True sample","Scripps_run_7",5240,"op_1","tp-prylutskyi23","30m",284,"26/06/2023","No","silica gel",NA,NA,NA,"5-10cm","Qiagen Powersoil Pro","ITS3-ITS4_AND_WANDA-AML2","Oleh Prylutskyi","Alona Prylutska",51,5072,26.5127096858572
"op_2","op_2_ITS2_S28_R1_001.fastq.gz,op_2_ITS2_S28_R2_001.fastq.gz","GCATCGATGAAGAACGCAGC","TCCTCCGCTTATTGATATGC","op_2","Ukraine","deciduous_forest","Non-Agricultural","Central European mixed forests","True sample","Scripps_run_7",9,"op_2","tp-prylutskyi23","30m",318,"16/07/2023","No","silica gel",NA,NA,NA,"5-10cm","Qiagen Powersoil Pro","ITS3-ITS4_AND_WANDA-AML2","Oleh Prylutskyi","Iryna Dmytrash-Vatseba",3,9,-18.9362461480479
"op_c1","op_c1_ITS2_S173_R1_001.fastq.gz,op_c1_ITS2_S173_R2_001.fastq.gz","GCATCGATGAAGAACGCAGC","TCCTCCGCTTATTGATATGC","op_c1","Ukraine","mixed_forest","Non-Agricultural","Carpathian montane forests","True sample","Scripps_run_7",58083,"op_c1","tp-prylutskyi23","30m",377,"14/10/2023","No","silica gel",NA,NA,NA,"5-10cm","Qiagen Powersoil Pro","ITS3-ITS4_AND_WANDA-AML2","Oleh Prylutskyi","Vasul Malaniuk, Iryna Dmytrash-Vatseba",40,56316,-10.3071021346775
"op_c2","op_c2_ITS2_S174_R1_001.fastq.gz,op_c2_ITS2_S174_R2_001.fastq.gz","GCATCGATGAAGAACGCAGC","TCCTCCGCTTATTGATATGC","op_c2","Ukraine","deciduous_forest","Non-Agricultural","Carpathian montane forests","True sample","Scripps_run_7",14490,"op_c2","tp-prylutskyi23","30m",366,"14/10/2023","No","silica gel",NA,NA,NA,"5-10cm","Qiagen Powersoil Pro","ITS3-ITS4_AND_WANDA-AML2","Oleh Prylutskyi","Vasul Malaniuk, Iryna Dmytrash-Vatseba",52,14282,22.8721572920721
"op_c3","op_c3_ITS2_S175_R1_001.fastq.gz,op_c3_ITS2_S175_R2_001.fastq.gz","GCATCGATGAAGAACGCAGC","TCCTCCGCTTATTGATATGC","op_c3","Ukraine","mixed_forest","Non-Agricultural","Carpathian montane forests","True sample","Scripps_run_7",51310,"op_c3","tp-prylutskyi23","30m",349,"14/10/2023","No","silica gel",NA,NA,NA,"5-10cm","Qiagen Powersoil Pro","ITS3-ITS4_AND_WANDA-AML2","Oleh Prylutskyi","Vasul Malaniuk, Iryna Dmytrash-Vatseba",47,50211,-0.231035645637565
"op_g_01","op_g_01_ITS2_S92_R1_001.fastq.gz,op_g_01_ITS2_S92_R2_001.fastq.gz","GCATCGATGAAGAACGCAGC","TCCTCCGCTTATTGATATGC","op_g_01","Ukraine","deciduous_forest","Non-Agricultural","Central European mixed forests","True sample","Scripps_run_7",66626,"op_g_01","tp-prylutskyi23","30m",330,"06/09/2023","No","silica gel",NA,NA,NA,"5-10cm","Qiagen Powersoil Pro","ITS3-ITS4_AND_WANDA-AML2","Oleh Prylutskyi","Vasyl Malaniuk",149,57803,97.943657755707
"op_g_02","op_g_02_ITS2_S93_R1_001.fastq.gz,op_g_02_ITS2_S93_R2_001.fastq.gz","GCATCGATGAAGAACGCAGC","TCCTCCGCTTATTGATATGC","op_g_02","Ukraine","mesic_grassland","Non-Agricultural","Central European mixed forests","True sample","Scripps_run_7",1426,"op_g_02","tp-prylutskyi23","30m",331,"06/09/2023","No","silica gel",NA,NA,NA,"5-10cm","Qiagen Powersoil Pro","ITS3-ITS4_AND_WANDA-AML2","Oleh Prylutskyi","Vasyl Malaniuk",10,194,-12.0294602840794
"osboh_1","osboh_1_ITS2_S186_R1_001.fastq.gz,osboh_1_ITS2_S186_R2_001.fastq.gz","GCATCGATGAAGAACGCAGC","TCCTCCGCTTATTGATATGC","osboh_1","Ukraine","deciduous_forest","Non-Agricultural","Carpathian montane forests","True sample","Scripps_run_7",14681,"osboh_1","tp-prylutskyi23","30m",584,"02/09/2023","No","silica gel",NA,NA,NA,"5-10cm","Qiagen Powersoil Pro","ITS3-ITS4_AND_WANDA-AML2","Ostap Bohoslavets",NA,50,13711,21.1598614632829
"osboh_2","osboh_2_ITS2_S187_R1_001.fastq.gz,osboh_2_ITS2_S187_R2_001.fastq.gz","GCATCGATGAAGAACGCAGC","TCCTCCGCTTATTGATATGC","osboh_2","Ukraine","coniferous_forest","Non-Agricultural","Carpathian montane forests","True sample","Scripps_run_7",23208,"osboh_2","tp-prylutskyi23","30m",1116,"22/09/2023","No","silica gel",NA,NA,NA,"5-10cm","Qiagen Powersoil Pro","ITS3-ITS4_AND_WANDA-AML2","Ostap Bohoslavets",NA,41,23136,7.41097912762327
"osboh_3","osboh_3_ITS2_S188_R1_001.fastq.gz,osboh_3_ITS2_S188_R2_001.fastq.gz","GCATCGATGAAGAACGCAGC","TCCTCCGCTTATTGATATGC","osboh_3","Ukraine","deciduous_forest","Non-Agricultural","Carpathian montane forests","True sample","Scripps_run_7",56563,"osboh_3","tp-prylutskyi23","30m",657,"30/09/2023","No","silica gel",NA,12.064,"denovix","5-10cm","Qiagen Powersoil Pro","ITS3-ITS4_AND_WANDA-AML2","Ostap Bohoslavets",NA,39,56046,-11.171059882091
"osboh_4","osboh_4_ITS2_S189_R1_001.fastq.gz,osboh_4_ITS2_S189_R2_001.fastq.gz","GCATCGATGAAGAACGCAGC","TCCTCCGCTTATTGATATGC","osboh_4","Ukraine","coniferous_forest","Non-Agricultural","Carpathian montane forests","True sample","Scripps_run_7",86787,"osboh_4","tp-prylutskyi23","30m",1460,"02/10/2023","No","silica gel",NA,NA,NA,"5-10cm","Qiagen Powersoil Pro","ITS3-ITS4_AND_WANDA-AML2","Ostap Bohoslavets",NA,39,35286,-0.71092223877079
"viter_10","viter_10_ITS2_S162_R1_001.fastq.gz,viter_10_ITS2_S162_R2_001.fastq.gz","GCATCGATGAAGAACGCAGC","TCCTCCGCTTATTGATATGC","viter_10","Ukraine","mixed_forest","Non-Agricultural","East European forest steppe","True sample","Scripps_run_7",3448,"viter_10","tp-prylutskyi23","30m",110,"12/09/2023","No","silica gel",NA,NA,NA,"5-10cm","Qiagen Powersoil Pro","ITS3-ITS4_AND_WANDA-AML2","Stanislav Viter",NA,23,2759,-0.321861683651488
"viter_11","viter_11_ITS2_S163_R1_001.fastq.gz,viter_11_ITS2_S163_R2_001.fastq.gz","GCATCGATGAAGAACGCAGC","TCCTCCGCTTATTGATATGC","viter_11","Ukraine","dry_grassland","Non-Agricultural","East European forest steppe","True sample","Scripps_run_7",1386,"viter_11","tp-prylutskyi23","30m",150,"19/09/2023","No","silica gel",NA,NA,NA,"5-10cm","Qiagen Powersoil Pro","ITS3-ITS4_AND_WANDA-AML2","Stanislav Viter",NA,7,1386,-15.6300616362392
"viter_12","viter_12_ITS2_S164_R1_001.fastq.gz,viter_12_ITS2_S164_R2_001.fastq.gz","GCATCGATGAAGAACGCAGC","TCCTCCGCTTATTGATATGC","viter_12","Ukraine","mixed_forest","Non-Agricultural","East European forest steppe","True sample","Scripps_run_7",53327,"viter_12","tp-prylutskyi23","30m",120,"19/09/2023","No","silica gel",NA,NA,NA,"5-10cm","Qiagen Powersoil Pro","ITS3-ITS4_AND_WANDA-AML2","Stanislav Viter",NA,15,38355,-26.2572691765044
"viter_13","viter_13_ITS2_S165_R1_001.fastq.gz,viter_13_ITS2_S165_R2_001.fastq.gz","GCATCGATGAAGAACGCAGC","TCCTCCGCTTATTGATATGC","viter_13","Ukraine","mesic_grassland","Non-Agricultural","East European forest steppe","True sample","Scripps_run_7",451,"viter_13","tp-prylutskyi23","30m",94,"21/09/2023","No","silica gel",NA,NA,NA,"5-10cm","Qiagen Powersoil Pro","ITS3-ITS4_AND_WANDA-AML2","Stanislav Viter",NA,4,451,-18.158952354134
"viter_14","viter_14_ITS2_S166_R1_001.fastq.gz,viter_14_ITS2_S166_R2_001.fastq.gz","GCATCGATGAAGAACGCAGC","TCCTCCGCTTATTGATATGC","viter_14","Ukraine","dry_grassland","Non-Agricultural","East European forest steppe","True sample","Scripps_run_7",2276,"viter_14","tp-prylutskyi23","30m",171,"26/09/2023","No","silica gel",NA,NA,NA,"5-10cm","Qiagen Powersoil Pro","ITS3-ITS4_AND_WANDA-AML2","Stanislav Viter",NA,5,2259,-18.069931586269
"viter_15","viter_15_ITS2_S167_R1_001.fastq.gz,viter_15_ITS2_S167_R2_001.fastq.gz","GCATCGATGAAGAACGCAGC","TCCTCCGCTTATTGATATGC","viter_15","Ukraine","sandy_grassland","Non-Agricultural","East European forest steppe","True sample","Scripps_run_7",51,"viter_15","tp-prylutskyi23","30m",127,"26/09/2023","No","silica gel",NA,NA,NA,"5-10cm","Qiagen Powersoil Pro","ITS3-ITS4_AND_WANDA-AML2","Stanislav Viter",NA,3,51,-18.957408276228
"viter_1","viter_1_ITS2_S153_R1_001.fastq.gz,viter_1_ITS2_S153_R2_001.fastq.gz","GCATCGATGAAGAACGCAGC","TCCTCCGCTTATTGATATGC","viter_1","Ukraine","dry_grassland","Non-Agricultural","Pontic steppe","True sample","Scripps_run_7",4787,"viter_1","tp-prylutskyi23","30m",139,"13/08/2023","No","silica gel",NA,83.388,"denovix","5-10cm","Qiagen Powersoil Pro","ITS3-ITS4_AND_WANDA-AML2","Stanislav Viter",NA,11,4782,-13.341170857661
"viter_2","viter_2_ITS2_S154_R1_001.fastq.gz,viter_2_ITS2_S154_R2_001.fastq.gz","GCATCGATGAAGAACGCAGC","TCCTCCGCTTATTGATATGC","viter_2","Ukraine","deciduous_forest","Non-Agricultural","East European forest steppe","True sample","Scripps_run_7",71209,"viter_2","tp-prylutskyi23","30m",195,"24/08/2023","No","silica gel",NA,NA,NA,"5-10cm","Qiagen Powersoil Pro","ITS3-ITS4_AND_WANDA-AML2","Stanislav Viter",NA,69,50302,21.7231130766388
"viter_3","viter_3_ITS2_S155_R1_001.fastq.gz,viter_3_ITS2_S155_R2_001.fastq.gz","GCATCGATGAAGAACGCAGC","TCCTCCGCTTATTGATATGC","viter_3","Ukraine","mixed_forest","Non-Agricultural","East European forest steppe","True sample","Scripps_run_7",39812,"viter_3","tp-prylutskyi23","30m",115,"24/08/2023","No","silica gel",NA,NA,NA,"5-10cm","Qiagen Powersoil Pro","ITS3-ITS4_AND_WANDA-AML2","Stanislav Viter",NA,23,39655,-18.9122874296988
"viter_4","viter_4_ITS2_S156_R1_001.fastq.gz,viter_4_ITS2_S156_R2_001.fastq.gz","GCATCGATGAAGAACGCAGC","TCCTCCGCTTATTGATATGC","viter_4","Ukraine","deciduous_forest","Non-Agricultural","East European forest steppe","True sample","Scripps_run_7",31591,"viter_4","tp-prylutskyi23","30m",183,"29/08/2023","No","silica gel",NA,NA,NA,"5-10cm","Qiagen Powersoil Pro","ITS3-ITS4_AND_WANDA-AML2","Stanislav Viter",NA,44,17138,13.4331325758234
"viter_5","viter_5_ITS2_S157_R1_001.fastq.gz,viter_5_ITS2_S157_R2_001.fastq.gz","GCATCGATGAAGAACGCAGC","TCCTCCGCTTATTGATATGC","viter_5","Ukraine","semi-dry_grasslands","Non-Agricultural","East European forest steppe","True sample","Scripps_run_7",59,"viter_5","tp-prylutskyi23","30m",166,"29/08/2023","No","silica gel",NA,NA,NA,"5-10cm","Qiagen Powersoil Pro","ITS3-ITS4_AND_WANDA-AML2","Stanislav Viter",NA,6,46,-15.9548889752542
"viter_6","viter_6_ITS2_S158_R1_001.fastq.gz,viter_6_ITS2_S158_R2_001.fastq.gz","GCATCGATGAAGAACGCAGC","TCCTCCGCTTATTGATATGC","viter_6","Ukraine","savannah","Non-Agricultural","East European forest steppe","True sample","Scripps_run_7",259,"viter_6","tp-prylutskyi23","30m",97,"02/09/2023","No","silica gel",NA,NA,NA,"5-10cm","Qiagen Powersoil Pro","ITS3-ITS4_AND_WANDA-AML2","Stanislav Viter",NA,8,232,-14.0486069714805
"viter_7","viter_7_ITS2_S159_R1_001.fastq.gz,viter_7_ITS2_S159_R2_001.fastq.gz","GCATCGATGAAGAACGCAGC","TCCTCCGCTTATTGATATGC","viter_7","Ukraine","deciduous_forest","Non-Agricultural","East European forest steppe","True sample","Scripps_run_7",182705,"viter_7","tp-prylutskyi23","30m",115,"02/09/2023","No","silica gel",NA,NA,NA,"5-10cm","Qiagen Powersoil Pro","ITS3-ITS4_AND_WANDA-AML2","Stanislav Viter",NA,75,156790,-25.9319513434904
"viter_8","viter_8_ITS2_S160_R1_001.fastq.gz,viter_8_ITS2_S160_R2_001.fastq.gz","GCATCGATGAAGAACGCAGC","TCCTCCGCTTATTGATATGC","viter_8","Ukraine","deciduous_forest","Non-Agricultural","East European forest steppe","True sample","Scripps_run_7",394,"viter_8","tp-prylutskyi23","30m",106,"03/09/2023","No","silica gel",NA,NA,NA,"5-10cm","Qiagen Powersoil Pro","ITS3-ITS4_AND_WANDA-AML2","Stanislav Viter",NA,27,286,4.92418457800222
"viter_9","viter_9_ITS2_S161_R1_001.fastq.gz,viter_9_ITS2_S161_R2_001.fastq.gz","GCATCGATGAAGAACGCAGC","TCCTCCGCTTATTGATATGC","viter_9","Ukraine","coniferous_forest","Non-Agricultural","East European forest steppe","True sample","Scripps_run_7",25117,"viter_9","tp-prylutskyi23","30m",118,"12/09/2023","No","silica gel",NA,NA,NA,"5-10cm","Qiagen Powersoil Pro","ITS3-ITS4_AND_WANDA-AML2","Stanislav Viter",NA,23,17161,-7.5784562086562
"vitvj_10","vitvj_10_ITS2_S91_L001_R1_001.fastq.gz,vitvj_10_ITS2_S91_L001_R2_001.fastq.gz","GCATCGATGAAGAACGCAGC","TCCTCCGCTTATTGATATGC","vitvj_10","Ukraine","mesic_grassland","Non-Agricultural","East European forest steppe","True sample","Scripps_run_7",1749,"vitvj_10","tp-prylutskyi23","30m",109,"11/09/2023","No","silica gel",NA,NA,NA,"5-10cm","Qiagen Powersoil Pro","ITS3-ITS4_AND_WANDA-AML2","Vitalii Viunnyk",NA,19,1724,-3.80036638206977
"vitvj_1","vitvj_1_ITS2_S137_L001_R1_001.fastq.gz,vitvj_1_ITS2_S137_L001_R2_001.fastq.gz","GCATCGATGAAGAACGCAGC","TCCTCCGCTTATTGATATGC","vitvj_1","Ukraine","deciduous_forest","Non-Agricultural","East European forest steppe","True sample","Scripps_run_7",28811,"vitvj_1","tp-prylutskyi23","30m",161,"30/08/2023","No","silica gel",NA,NA,NA,"5-10cm","Qiagen Powersoil Pro","ITS3-ITS4_AND_WANDA-AML2","Vitalii Viunnyk",NA,65,13080,36.4777972461795
"vitvj_2","vitvj_2_ITS2_S153_L001_R1_001.fastq.gz,vitvj_2_ITS2_S153_L001_R2_001.fastq.gz","GCATCGATGAAGAACGCAGC","TCCTCCGCTTATTGATATGC","vitvj_2","Ukraine","deciduous_forest","Non-Agricultural","East European forest steppe","True sample","Scripps_run_7",8086,"vitvj_2","tp-prylutskyi23","30m",208,"30/08/2023","No","silica gel",NA,NA,NA,"5-10cm","Qiagen Powersoil Pro","ITS3-ITS4_AND_WANDA-AML2","Vitalii Viunnyk",NA,38,7636,12.2208121464799
"vitvj_3","vitvj_3_ITS2_S169_L001_R1_001.fastq.gz,vitvj_3_ITS2_S169_L001_R2_001.fastq.gz","GCATCGATGAAGAACGCAGC","TCCTCCGCTTATTGATATGC","vitvj_3","Ukraine","deciduous_forest","Non-Agricultural","East European forest steppe","True sample","Scripps_run_7",8416,"vitvj_3","tp-prylutskyi23","30m",141,"01/09/2023","No","silica gel",NA,NA,NA,"5-10cm","Qiagen Powersoil Pro","ITS3-ITS4_AND_WANDA-AML2","Vitalii Viunnyk",NA,28,6552,2.76699659760508
"vitvj_4","vitvj_4_ITS2_S185_L001_R1_001.fastq.gz,vitvj_4_ITS2_S185_L001_R2_001.fastq.gz","GCATCGATGAAGAACGCAGC","TCCTCCGCTTATTGATATGC","vitvj_4","Ukraine","deciduous_forest","Non-Agricultural","East European forest steppe","True sample","Scripps_run_7",26514,"vitvj_4","tp-prylutskyi23","30m",130,"01/09/2023","No","silica gel",NA,NA,NA,"5-10cm","Qiagen Powersoil Pro","ITS3-ITS4_AND_WANDA-AML2","Vitalii Viunnyk",NA,70,15851,40.0816006464859
"vitvj_5","vitvj_5_ITS2_S11_L001_R1_001.fastq.gz,vitvj_5_ITS2_S11_L001_R2_001.fastq.gz","GCATCGATGAAGAACGCAGC","TCCTCCGCTTATTGATATGC","vitvj_5","Ukraine","dry_grassland","Non-Agricultural","East European forest steppe","True sample","Scripps_run_7",1175,"vitvj_5","tp-prylutskyi23","30m",138,"07/09/2023","No","silica gel",NA,NA,NA,"5-10cm","Qiagen Powersoil Pro","ITS3-ITS4_AND_WANDA-AML2","Vitalii Viunnyk",NA,12,1172,-10.5222355545595
"vitvj_6","vitvj_6_ITS2_S27_L001_R1_001.fastq.gz,vitvj_6_ITS2_S27_L001_R2_001.fastq.gz","GCATCGATGAAGAACGCAGC","TCCTCCGCTTATTGATATGC","vitvj_6","Ukraine","dry_grassland","Non-Agricultural","East European forest steppe","True sample","Scripps_run_7",615,"vitvj_6","tp-prylutskyi23","30m",128,"07/09/2023","No","silica gel",NA,NA,NA,"5-10cm","Qiagen Powersoil Pro","ITS3-ITS4_AND_WANDA-AML2","Vitalii Viunnyk",NA,12,615,-10.2415854260755
"vitvj_7","vitvj_7_ITS2_S43_L001_R1_001.fastq.gz,vitvj_7_ITS2_S43_L001_R2_001.fastq.gz","GCATCGATGAAGAACGCAGC","TCCTCCGCTTATTGATATGC","vitvj_7","Ukraine","mesic_grassland","Non-Agricultural","East European forest steppe","True sample","Scripps_run_7",60,"vitvj_7","tp-prylutskyi23","30m",107,"07/09/2023","No","silica gel",NA,NA,NA,"5-10cm","Qiagen Powersoil Pro","ITS3-ITS4_AND_WANDA-AML2","Vitalii Viunnyk",NA,6,56,-15.9599275772018
"vitvj_8","vitvj_8_ITS2_S59_L001_R1_001.fastq.gz,vitvj_8_ITS2_S59_L001_R2_001.fastq.gz","GCATCGATGAAGAACGCAGC","TCCTCCGCTTATTGATATGC","vitvj_8","Ukraine","coniferous_forest","Non-Agricultural","East European forest steppe","True sample","Scripps_run_7",16839,"vitvj_8","tp-prylutskyi23","30m",133,"08/09/2023","No","silica gel",NA,NA,NA,"5-10cm","Qiagen Powersoil Pro","ITS3-ITS4_AND_WANDA-AML2","Vitalii Viunnyk",NA,23,8876,-3.40397449502865
"vitvj_9","vitvj_9_ITS2_S75_L001_R1_001.fastq.gz,vitvj_9_ITS2_S75_L001_R2_001.fastq.gz","GCATCGATGAAGAACGCAGC","TCCTCCGCTTATTGATATGC","vitvj_9","Ukraine","mixed_forest","Non-Agricultural","East European forest steppe","True sample","Scripps_run_7",88597,"vitvj_9","tp-prylutskyi23","30m",136,"08/09/2023","No","silica gel",NA,NA,NA,"5-10cm","Qiagen Powersoil Pro","ITS3-ITS4_AND_WANDA-AML2","Vitalii Viunnyk",NA,45,57266,-5.78576931970424
"vmal_gg1","vmal_gg1_ITS2_S177_R1_001.fastq.gz,vmal_gg1_ITS2_S177_R2_001.fastq.gz","GCATCGATGAAGAACGCAGC","TCCTCCGCTTATTGATATGC","vmal_gg1","Ukraine","deciduous_forest","Non-Agricultural","Central European mixed forests","True sample","Scripps_run_7",34592,"vmal_gg1","tp-prylutskyi23","30m",323,"19/10/2023","No","silica gel",NA,NA,NA,"5-10cm","Qiagen Powersoil Pro","ITS3-ITS4_AND_WANDA-AML2","Vasyl Malaniuk",NA,71,30778,33.5604795192296
"vmal_gg2","vmal_gg2_ITS2_S178_R1_001.fastq.gz,vmal_gg2_ITS2_S178_R2_001.fastq.gz","GCATCGATGAAGAACGCAGC","TCCTCCGCTTATTGATATGC","vmal_gg2","Ukraine","deciduous_forest","Non-Agricultural","Carpathian montane forests","True sample","Scripps_run_7",36627,"vmal_gg2","tp-prylutskyi23","30m",313,"19/10/2023","No","silica gel",NA,NA,NA,"5-10cm","Qiagen Powersoil Pro","ITS3-ITS4_AND_WANDA-AML2","Vasyl Malaniuk",NA,47,36393,6.73130452562442
"vmal_gl1","vmal_gl1_ITS2_S176_R1_001.fastq.gz,vmal_gl1_ITS2_S176_R2_001.fastq.gz","GCATCGATGAAGAACGCAGC","TCCTCCGCTTATTGATATGC","vmal_gl1","Ukraine","mesic_grassland","Non-Agricultural","Central European mixed forests","True sample","Scripps_run_7",19,"vmal_gl1","tp-prylutskyi23","30m",231,"19/10/2023","No","silica gel",NA,NA,NA,"5-10cm","Qiagen Powersoil Pro","ITS3-ITS4_AND_WANDA-AML2","Vasyl Malaniuk",NA,3,10,-18.9367500082427
"vmal_pd1","vmal_pd1_ITS2_S85_L001_R1_001.fastq.gz,vmal_pd1_ITS2_S85_L001_R2_001.fastq.gz","GCATCGATGAAGAACGCAGC","TCCTCCGCTTATTGATATGC","vmal_pd1","Ukraine","dry_grassland","Non-Agricultural","Central European mixed forests","True sample","Scripps_run_7",783,"vmal_pd1","tp-prylutskyi23","30m",321,"09/11/2023","No","silica gel",NA,NA,NA,"5-10cm","Qiagen Powersoil Pro","ITS3-ITS4_AND_WANDA-AML2","Vasyl Malaniuk",NA,9,783,-13.326233938796
"vmal_zh1","vmal_zh1_ITS2_S69_L001_R1_001.fastq.gz,vmal_zh1_ITS2_S69_L001_R2_001.fastq.gz","GCATCGATGAAGAACGCAGC","TCCTCCGCTTATTGATATGC","vmal_zh1","Ukraine","mesic_grassland","Non-Agricultural","Central European mixed forests","True sample","Scripps_run_7",36,"vmal_zh1","tp-prylutskyi23","30m",321,"09/11/2023","No","silica gel",NA,NA,NA,"5-10cm","Qiagen Powersoil Pro","ITS3-ITS4_AND_WANDA-AML2","Vasyl Malaniuk",NA,3,31,-18.9473310723327
"volgr_1","volgr_1_ITS2_S147_L001_R1_001.fastq.gz,volgr_1_ITS2_S147_L001_R2_001.fastq.gz","GCATCGATGAAGAACGCAGC","TCCTCCGCTTATTGATATGC","volgr_1","Ukraine","coniferous_forest","Non-Agricultural","Carpathian montane forests","True sample","Scripps_run_7",49163,"volgr_1","tp-prylutskyi23","30m",1044,"24/08/2023","No","silica gel",NA,NA,NA,"5-10cm","Qiagen Powersoil Pro","ITS3-ITS4_AND_WANDA-AML2","Volodymyr Grebenshikov",NA,67,39756,25.0368226906299
"volgr_2","volgr_2_ITS2_S163_L001_R1_001.fastq.gz,volgr_2_ITS2_S163_L001_R2_001.fastq.gz","GCATCGATGAAGAACGCAGC","TCCTCCGCTTATTGATATGC","volgr_2","Ukraine","coniferous_forest","Non-Agricultural","Carpathian montane forests","True sample","Scripps_run_7",28063,"volgr_2","tp-prylutskyi23","30m",1017,"25/08/2023","No","silica gel",NA,NA,NA,"5-10cm","Qiagen Powersoil Pro","ITS3-ITS4_AND_WANDA-AML2","Volodymyr Grebenshikov",NA,63,23147,29.4054366654809
"volgr_3","volgr_3_ITS2_S179_L001_R1_001.fastq.gz,volgr_3_ITS2_S179_L001_R2_001.fastq.gz","GCATCGATGAAGAACGCAGC","TCCTCCGCTTATTGATATGC","volgr_3","Ukraine","mountain_pasture","Non-Agricultural","Carpathian montane forests","True sample","Scripps_run_7",384,"volgr_3","tp-prylutskyi23","30m",985,"25/08/2023","No","silica gel",NA,NA,NA,"5-10cm","Qiagen Powersoil Pro","ITS3-ITS4_AND_WANDA-AML2","Volodymyr Grebenshikov",NA,25,365,2.88437962261579
"volgr_4","volgr_4_ITS2_S5_L001_R1_001.fastq.gz,volgr_4_ITS2_S5_L001_R2_001.fastq.gz","GCATCGATGAAGAACGCAGC","TCCTCCGCTTATTGATATGC","volgr_4","Ukraine","mountain_pasture","Non-Agricultural","Carpathian montane forests","True sample","Scripps_run_7",35,"volgr_4","tp-prylutskyi23","30m",985,"25/08/2023","No","silica gel",NA,NA,NA,"5-10cm","Qiagen Powersoil Pro","ITS3-ITS4_AND_WANDA-AML2","Volodymyr Grebenshikov",NA,11,32,-10.9478349325275
"ymak_1","ymak_1_ITS2_S182_R1_001.fastq.gz,ymak_1_ITS2_S182_R2_001.fastq.gz","GCATCGATGAAGAACGCAGC","TCCTCCGCTTATTGATATGC","ymak_1","Ukraine","deciduous_forest","Non-Agricultural","East European forest steppe","True sample","Scripps_run_7",12157,"ymak_1","tp-prylutskyi23","30m",190,"22/10/2023","No","silica gel",NA,NA,NA,"5-10cm","Qiagen Powersoil Pro","ITS3-ITS4_AND_WANDA-AML2","Yana Makarenko",NA,29,12157,0.942860205947577
"ymak_2","ymak_2_ITS2_S183_R1_001.fastq.gz,ymak_2_ITS2_S183_R2_001.fastq.gz","GCATCGATGAAGAACGCAGC","TCCTCCGCTTATTGATATGC","ymak_2","Ukraine","deciduous_forest","Non-Agricultural","East European forest steppe","True sample","Scripps_run_7",28243,"ymak_2","tp-prylutskyi23","30m",174,"22/10/2023","No","silica gel",NA,NA,NA,"5-10cm","Qiagen Powersoil Pro","ITS3-ITS4_AND_WANDA-AML2","Yana Makarenko",NA,39,28136,2.89167815379855
"ymak_3","ymak_3_ITS2_S184_R1_001.fastq.gz,ymak_3_ITS2_S184_R2_001.fastq.gz","GCATCGATGAAGAACGCAGC","TCCTCCGCTTATTGATATGC","ymak_3","Ukraine","deciduous_forest","Non-Agricultural","East European forest steppe","True sample","Scripps_run_7",1573,"ymak_3","tp-prylutskyi23","30m",187,"22/10/2023","No","silica gel",NA,NA,NA,"5-10cm","Qiagen Powersoil Pro","ITS3-ITS4_AND_WANDA-AML2","Yana Makarenko",NA,32,1502,9.31149058116804
"ymak_4","ymak_4_ITS2_S135_L001_R1_001.fastq.gz,ymak_4_ITS2_S135_L001_R2_001.fastq.gz","GCATCGATGAAGAACGCAGC","TCCTCCGCTTATTGATATGC","ymak_4","Ukraine","dry_grassland","Non-Agricultural","East European forest steppe","True sample","Scripps_run_7",264,"ymak_4","tp-prylutskyi23","30m",104,"11/11/2023","No","silica gel",NA,NA,NA,"5-10cm","Qiagen Powersoil Pro","ITS3-ITS4_AND_WANDA-AML2","Yana Makarenko",NA,4,264,-18.064730497713
"ypr_10","ypr_10_ITS2_S105_L001_R1_001.fastq.gz,ypr_10_ITS2_S105_L001_R2_001.fastq.gz","GCATCGATGAAGAACGCAGC","TCCTCCGCTTATTGATATGC","ypr_10","Ukraine","mesic_grassland","Non-Agricultural","East European forest steppe","True sample","Scripps_run_7",38,"ypr_10","tp-prylutskyi23","30m",99,"30/09/2023","No","silica gel",NA,NA,NA,"5-10cm","Qiagen Powersoil Pro","ITS3-ITS4_AND_WANDA-AML2","Yurii Protsenko",NA,5,37,-16.9503542335013
"ypr_11","ypr_11_ITS2_S121_L001_R1_001.fastq.gz,ypr_11_ITS2_S121_L001_R2_001.fastq.gz","GCATCGATGAAGAACGCAGC","TCCTCCGCTTATTGATATGC","ypr_11","Ukraine","mesic_grassland","Non-Agricultural","East European forest steppe","True sample","Scripps_run_7",18,"ypr_11","tp-prylutskyi23","30m",97,"01/10/2023","No","silica gel",NA,NA,NA,"5-10cm","Qiagen Powersoil Pro","ITS3-ITS4_AND_WANDA-AML2","Yurii Protsenko",NA,2,12,-19.9377577286322
"ypr_1","ypr_1_ITS2_S151_L001_R1_001.fastq.gz,ypr_1_ITS2_S151_L001_R2_001.fastq.gz","GCATCGATGAAGAACGCAGC","TCCTCCGCTTATTGATATGC","ypr_1","Ukraine","deciduous_forest","Non-Agricultural","East European forest steppe","True sample","Scripps_run_7",2806,"ypr_1","tp-prylutskyi23","30m",109,"28/09/2023","No","silica gel",NA,NA,NA,"5-10cm","Qiagen Powersoil Pro","ITS3-ITS4_AND_WANDA-AML2","Yurii Protsenko",NA,6,2757,-17.320853963262
"ypr_2","ypr_2_ITS2_S167_L001_R1_001.fastq.gz,ypr_2_ITS2_S167_L001_R2_001.fastq.gz","GCATCGATGAAGAACGCAGC","TCCTCCGCTTATTGATATGC","ypr_2","Ukraine","coniferous_forest","Non-Agricultural","East European forest steppe","True sample","Scripps_run_7",15761,"ypr_2","tp-prylutskyi23","30m",103,"28/09/2023","No","silica gel",NA,NA,NA,"5-10cm","Qiagen Powersoil Pro","ITS3-ITS4_AND_WANDA-AML2","Yurii Protsenko",NA,19,14376,-10.1752055662358
"ypr_3","ypr_3_ITS2_S183_L001_R1_001.fastq.gz,ypr_3_ITS2_S183_L001_R2_001.fastq.gz","GCATCGATGAAGAACGCAGC","TCCTCCGCTTATTGATATGC","ypr_3","Ukraine","coniferous_forest","Non-Agricultural","East European forest steppe","True sample","Scripps_run_7",18308,"ypr_3","tp-prylutskyi23","30m",110,"28/09/2023","No","silica gel",NA,NA,NA,"5-10cm","Qiagen Powersoil Pro","ITS3-ITS4_AND_WANDA-AML2","Yurii Protsenko",NA,25,16290,-5.13959397901593
"ypr_4","ypr_4_ITS2_S9_L001_R1_001.fastq.gz,ypr_4_ITS2_S9_L001_R2_001.fastq.gz","GCATCGATGAAGAACGCAGC","TCCTCCGCTTATTGATATGC","ypr_4","Ukraine","deciduous_forest","Non-Agricultural","East European forest steppe","True sample","Scripps_run_7",8688,"ypr_4","tp-prylutskyi23","30m",125,"29/09/2023","No","silica gel",NA,NA,NA,"5-10cm","Qiagen Powersoil Pro","ITS3-ITS4_AND_WANDA-AML2","Yurii Protsenko",NA,19,3536,-4.71336105498385
"ypr_5","ypr_5_ITS2_S25_L001_R1_001.fastq.gz,ypr_5_ITS2_S25_L001_R2_001.fastq.gz","GCATCGATGAAGAACGCAGC","TCCTCCGCTTATTGATATGC","ypr_5","Ukraine","mixed_forest","Non-Agricultural","East European forest steppe","True sample","Scripps_run_7",4552,"ypr_5","tp-prylutskyi23","30m",118,"29/09/2023","No","silica gel",NA,NA,NA,"5-10cm","Qiagen Powersoil Pro","ITS3-ITS4_AND_WANDA-AML2","Yurii Protsenko",NA,12,3060,-11.4735236022757
"ypr_6","ypr_6_ITS2_S41_L001_R1_001.fastq.gz,ypr_6_ITS2_S41_L001_R2_001.fastq.gz","GCATCGATGAAGAACGCAGC","TCCTCCGCTTATTGATATGC","ypr_6","Ukraine","deciduous_forest","Non-Agricultural","East European forest steppe","True sample","Scripps_run_7",16099,"ypr_6","tp-prylutskyi23","30m",120,"29/09/2023","No","silica gel",NA,NA,NA,"5-10cm","Qiagen Powersoil Pro","ITS3-ITS4_AND_WANDA-AML2","Yurii Protsenko",NA,37,7770,11.1532948803814
"ypr_7","ypr_7_ITS2_S57_L001_R1_001.fastq.gz,ypr_7_ITS2_S57_L001_R2_001.fastq.gz","GCATCGATGAAGAACGCAGC","TCCTCCGCTTATTGATATGC","ypr_7","Ukraine","deciduous_forest","Non-Agricultural","East European forest steppe","True sample","Scripps_run_7",28,"ypr_7","tp-prylutskyi23","30m",107,"29/09/2023","No","silica gel",NA,NA,NA,"5-10cm","Qiagen Powersoil Pro","ITS3-ITS4_AND_WANDA-AML2","Yurii Protsenko",NA,7,17,-14.940277029606
"ypr_8","ypr_8_ITS2_S73_L001_R1_001.fastq.gz,ypr_8_ITS2_S73_L001_R2_001.fastq.gz","GCATCGATGAAGAACGCAGC","TCCTCCGCTTATTGATATGC","ypr_8","Ukraine","deciduous_forest","Non-Agricultural","East European forest steppe","True sample","Scripps_run_7",7564,"ypr_8","tp-prylutskyi23","30m",119,"29/09/2023","No","silica gel",NA,NA,NA,"5-10cm","Qiagen Powersoil Pro","ITS3-ITS4_AND_WANDA-AML2","Yurii Protsenko",NA,28,441,5.84608624781365
"ypr_9","ypr_9_ITS2_S89_L001_R1_001.fastq.gz,ypr_9_ITS2_S89_L001_R2_001.fastq.gz","GCATCGATGAAGAACGCAGC","TCCTCCGCTTATTGATATGC","ypr_9","Ukraine","floodplain_meadows","Non-Agricultural","East European forest steppe","True sample","Scripps_run_7",460,"ypr_9","tp-prylutskyi23","30m",104,"29/09/2023","No","silica gel",NA,NA,NA,"5-10cm","Qiagen Powersoil Pro","ITS3-ITS4_AND_WANDA-AML2","Yurii Protsenko",NA,1,458,-21.1624793754974
